DNR Peat Inventory ID #,U_Sampnum,U_Top Depth (cm),U_Bottom Depth (cm),U_Total Carbon (%),U_Hydrogen (%),U_Nitrogen (%),U_Sulfur (%),U_Oxygen (%),U_Uniq_id,U_Depthnum
AITK-2204336-506,3343,35,50.0,49.8,4.7,2.2,0.3,28.0,1,1
AITK-2204336-506,3344,85,100.0,51.4,5.2,2.6,0.3,28.2,2,2
AITK-2204336-506,3345,135,150.0,52.8,5.3,3.1,0.3,28.5,3,3
AITK-2204336-506,3346,185,200.0,42.8,4.4,2.8,0.3,23.1,4,4
AITK-2204336-506,3347,235,250.0,36.9,3.8,2.3,0.4,18.9,5,5
AITK-2204524-470,3269,35,50.0,51.6,4.9,2.3,0.3,29.5,6,1
AITK-2204524-470,3270,85,100.0,51.7,4.9,2.6,0.3,28.6,7,2
AITK-2204524-470,3271,135,150.0,54.6,5.3,2.9,0.3,30.1,8,3
AITK-2204524-470,3272,185,200.0,50.1,4.9,2.7,0.3,27.5,9,4
AITK-2204524-470,3273,215,230.0,31.7,3.2,1.9,0.3,16.2,10,5
AITK-2204727-520,3320,35,50.0,47.0,4.4,2.3,0.5,25.0,11,1
AITK-2204727-520,3321,85,100.0,51.8,4.8,2.9,0.8,27.2,12,2
AITK-2204727-520,3322,135,150.0,42.0,4.1,2.6,0.8,22.6,13,3
AITK-2204727-520,3323,185,200.0,48.2,4.4,1.9,1.2,25.5,14,4
AITK-2204727-520,3324,235,250.0,41.0,4.2,1.8,2.6,23.9,15,5
AITK-2204809-64,3228,35,50.0,54.0,5.2,2.0,0.3,30.5,16,1
AITK-2204809-64,3229,85,100.0,51.7,5.2,2.3,0.3,28.7,17,2
AITK-2204809-64,3230,150,165.0,37.2,3.6,2.3,0.3,20.3,18,3
AITK-2204910-65,3221,35,50.0,48.1,4.5,1.7,0.4,27.7,19,1
AITK-2204910-65,3222,85,100.0,47.7,4.5,2.8,0.6,25.5,20,2
AITK-2204910-65,3223,135,150.0,50.1,4.6,2.8,1.4,24.6,21,3
AITK-2204910-65,3224,185,200.0,45.1,4.5,2.4,1.5,23.9,22,4
AITK-2204910-65,3225,235,250.0,43.4,4.9,3.3,0.9,21.6,23,5
AITK-2205013-141,3183,35,50.0,54.0,5.5,2.3,0.3,31.4,24,1
AITK-2205013-141,3184,85,100.0,53.0,5.2,2.4,0.2,31.3,25,2
AITK-2205013-141,3185,135,150.0,51.9,5.0,2.6,0.3,30.7,26,3
AITK-2205013-141,3186,200,215.0,39.9,3.9,2.2,0.2,21.9,27,4
AITK-2205105-158,3179,35,50.0,55.2,5.7,2.4,0.2,31.3,28,1
AITK-2205105-158,3180,85,100.0,54.5,5.3,2.3,0.2,30.8,29,2
AITK-2205105-158,3181,135,150.0,54.7,5.5,2.1,0.2,31.8,30,3
AITK-2205112-2,1338,35,50.0,,,,,,31,1
AITK-2205112-2,1339,84,99.0,,,,0.11,,32,2
AITK-2205112-2,1340,135,150.0,,,,,,33,3
AITK-2205112-2,1341,184,199.0,,,,0.11,,34,4
AITK-2205112-2,1342,235,250.0,,,,,,35,5
AITK-2205133-134,3204,35,50.0,52.8,5.4,3.0,0.2,31.6,36,1
AITK-2205133-134,3205,85,100.0,51.8,5.2,2.8,0.2,32.0,37,2
AITK-2205133-134,3206,135,150.0,51.0,5.1,2.7,0.2,32.5,38,3
AITK-2205133-134,3207,185,200.0,50.7,5.0,2.7,0.3,28.9,39,4
AITK-2205203-2,3094,35,50.0,50.6,5.8,1.4,0.2,36.6,40,1
AITK-2205203-2,3095,85,100.0,52.4,5.6,1.2,0.2,36.6,41,2
AITK-2205203-2,3096,135,150.0,52.5,6.0,1.9,0.2,34.2,42,3
AITK-2205203-2,3097,185,200.0,54.1,5.6,2.5,0.2,31.0,43,4
AITK-2205203-2,3098,235,250.0,52.5,5.3,2.5,0.2,32.0,44,5
AITK-2205203-2,3099,285,300.0,52.6,5.1,2.9,0.3,30.6,45,6
AITK-2205203-2,3100,335,350.0,46.0,4.9,3.0,0.4,24.6,46,7
AITK-2205219-20,3175,35,50.0,51.3,5.5,2.9,0.2,28.9,47,1
AITK-2205219-20,3176,85,100.0,47.9,4.6,2.1,0.2,27.1,48,2
AITK-2205219-20,3177,130,145.0,36.6,3.6,1.8,0.2,21.2,49,3
AITK-2205223-518,3137,35,50.0,51.6,5.6,1.6,0.2,35.1,50,1
AITK-2205223-518,3138,85,100.0,55.5,5.9,2.8,0.2,29.6,51,2
AITK-2205223-518,3139,135,150.0,53.5,5.5,2.1,0.2,29.0,52,3
AITK-2304505-1,3349,35,50.0,53.9,5.4,2.6,0.2,29.1,53,1
AITK-2304505-1,3350,85,100.0,53.0,5.4,2.6,0.2,31.5,54,2
AITK-2304505-1,3351,135,150.0,50.4,5.2,2.7,0.2,29.8,55,3
AITK-2304505-1,3352,185,200.0,52.6,5.2,2.8,0.2,30.6,56,4
AITK-2304505-1,3353,235,250.0,48.6,4.6,3.0,0.4,25.8,57,5
AITK-2304505-1,3354,280,295.0,48.0,4.5,2.7,0.5,25.1,58,6
AITK-2304505-12,3361,35,50.0,53.1,5.4,2.5,0.2,29.0,59,1
AITK-2304505-12,3362,85,100.0,54.0,5.5,2.5,0.2,30.3,60,2
AITK-2304505-12,3363,135,150.0,53.1,5.4,2.9,0.2,27.6,61,3
AITK-2304505-12,3364,185,200.0,52.0,5.3,2.7,0.2,30.0,62,4
AITK-2304505-12,3365,235,250.0,51.3,5.0,3.0,0.3,27.7,63,5
AITK-2304505-12,3366,285,300.0,49.4,4.8,3.0,0.3,26.7,64,6
AITK-2304505-12,3367,350,365.0,24.2,2.5,1.6,0.8,11.4,65,7
AITK-2304505-14,3369,35,50.0,52.7,5.5,2.2,0.2,30.7,66,1
AITK-2304505-14,3370,85,100.0,53.5,5.4,2.4,0.2,28.9,67,2
AITK-2304505-14,3371,135,150.0,52.9,5.2,2.3,0.2,30.5,68,3
AITK-2304505-14,3372,205,220.0,52.1,5.1,3.0,0.2,28.3,69,4
AITK-2304505-15,3374,35,50.0,53.7,5.3,2.3,0.2,28.3,70,1
AITK-2304505-15,3375,85,100.0,52.1,5.3,2.3,0.2,29.3,71,2
AITK-2304505-15,3376,135,150.0,52.2,5.1,2.4,0.2,31.3,72,3
AITK-2304505-15,3377,185,200.0,50.5,5.0,2.4,0.2,31.2,73,4
AITK-2304505-15,3378,235,250.0,54.1,5.2,2.7,0.2,29.6,74,5
AITK-2304505-15,3379,285,300.0,47.9,4.4,2.9,0.5,24.9,75,6
AITK-2304505-15,3380,330,345.0,46.2,4.5,2.8,0.7,22.7,76,7
AITK-2304505-2,3356,35,50.0,51.6,5.3,2.5,0.2,29.9,77,1
AITK-2304505-2,3357,85,100.0,50.2,5.3,2.6,0.2,29.8,78,2
AITK-2304505-2,3358,135,150.0,53.5,5.5,2.7,0.2,30.9,79,3
AITK-2304505-2,3359,165,180.0,42.5,4.3,2.8,0.3,22.3,80,4
AITK-2304523-474,3275,35,50.0,51.8,5.2,2.4,0.4,26.8,81,1
AITK-2304523-474,3276,85,100.0,53.4,5.2,2.2,0.3,29.6,82,2
AITK-2304523-474,3277,135,150.0,53.7,5.1,2.5,0.4,25.9,83,3
AITK-2304523-474,3278,185,200.0,51.8,4.9,2.4,0.3,28.1,84,4
AITK-2304523-474,3279,200,330.0,50.7,4.8,2.8,0.4,25.4,85,5
AITK-2304529-114,3305,35,50.0,43.5,4.2,2.7,0.3,22.6,86,1
AITK-2304529-114,3306,85,100.0,43.0,4.2,2.7,0.5,22.4,87,2
AITK-2304632-519,3288,35,50.0,,,,,,88,1
AITK-2304632-519,3289,85,100.0,54.0,5.5,2.4,0.2,30.3,89,2
AITK-2304632-519,3290,135,150.0,53.0,5.4,2.6,0.3,29.4,90,3
AITK-2304632-519,3291,185,200.0,51.5,5.1,2.5,0.2,28.1,91,4
AITK-2304632-519,3292,250,265.0,52.2,5.4,2.8,0.3,29.9,92,5
AITK-2304714-427,3262,35,50.0,52.6,5.4,1.5,0.3,33.4,93,1
AITK-2304714-427,3263,85,100.0,54.3,5.7,1.6,0.2,31.5,94,2
AITK-2304714-427,3264,135,150.0,55.7,5.6,2.0,0.3,28.6,95,3
AITK-2304714-427,3265,185,200.0,54.6,5.1,2.6,0.3,28.5,96,4
AITK-2304714-427,3266,235,250.0,49.8,4.7,3.0,0.5,25.2,97,5
AITK-2304714-427,3267,285,300.0,15.5,1.8,0.9,0.3,9.6,98,6
AITK-2304832-71,3232,35,50.0,42.9,4.4,2.8,0.5,22.3,99,1
AITK-2304832-71,3233,85,100.0,34.3,3.7,2.6,0.6,17.3,100,2
AITK-2304832-71,3234,125,140.0,34.5,3.8,2.4,1.4,17.5,101,3
AITK-2304916-371,3198,35,50.0,50.1,5.3,1.6,0.4,34.6,102,1
AITK-2304916-371,3199,85,100.0,,,,1.5,,103,2
AITK-2304916-371,3200,135,150.0,,,,0.3,,104,3
AITK-2304916-371,3201,185,200.0,51.4,5.3,3.4,0.4,27.9,105,4
AITK-2304916-371,3202,235,250.0,49.7,5.1,3.5,0.4,26.4,106,5
AITK-2304916-371,3203,285,300.0,47.7,5.1,3.8,0.4,24.4,107,6
AITK-2404305-104,3337,35,50.0,52.5,5.1,2.1,0.3,30.5,108,1
AITK-2404305-104,3338,85,100.0,52.5,5.1,2.7,0.3,30.5,109,2
AITK-2404305-104,3339,135,150.0,54.0,5.3,2.7,0.2,30.7,110,3
AITK-2404305-104,3340,185,200.0,53.0,5.3,2.6,0.3,31.9,111,4
AITK-2404305-104,3341,240,255.0,51.3,5.0,2.8,0.4,28.7,112,5
AITK-2404424-108,3299,35,50.0,50.4,5.0,2.7,0.4,28.7,113,1
AITK-2404424-108,3300,85,100.0,52.6,5.1,2.9,0.3,29.8,114,2
AITK-2404424-108,3301,135,150.0,53.9,5.5,3.0,0.3,28.9,115,3
AITK-2404424-108,3302,185,200.0,51.8,5.1,2.9,0.3,29.6,116,4
AITK-2404424-108,3303,220,235.0,52.9,5.3,3.3,0.3,26.8,117,5
AITK-2404513-452,3282,35,50.0,51.5,4.8,2.3,0.3,28.1,118,1
AITK-2404513-452,3283,85,100.0,52.3,4.9,2.4,0.3,28.8,119,2
AITK-2404513-452,3284,135,150.0,54.1,5.3,3.0,0.3,30.5,120,3
AITK-2404513-452,3285,185,200.0,48.2,4.8,3.3,0.4,25.2,121,4
AITK-2404513-452,3286,235,250.0,34.9,3.6,2.7,0.4,16.8,122,5
AITK-2404513-452,3287,285,300.0,22.2,2.5,1.7,0.6,11.3,123,6
AITK-2404731-405,3236,35,50.0,53.1,4.8,2.1,0.3,30.4,124,1
AITK-2404731-405,3237,85,100.0,53.9,4.7,2.0,0.2,30.7,125,2
AITK-2404731-405,3238,135,150.0,53.1,4.8,2.2,0.3,30.5,126,3
AITK-2404731-405,3239,185,200.0,54.2,5.3,2.9,0.3,31.2,127,4
AITK-2404731-405,3240,235,250.0,43.2,4.1,2.8,0.4,21.4,128,5
AITK-2404805-9,1435,35,50.0,,,,,,129,1
AITK-2404805-9,1436,85,100.0,,,,,,130,2
AITK-2404805-9,1437,135,150.0,,,,,,131,3
AITK-2404805-9,1438,185,200.0,,,,,,132,4
AITK-2404906-13,3194,35,50.0,46.7,4.5,2.3,0.3,26.3,133,1
AITK-2404906-13,3195,85,100.0,52.2,5.1,2.9,0.3,28.9,134,2
AITK-2404906-13,3196,160,175.0,25.0,2.6,1.8,0.5,12.6,135,3
AITK-2405102-20,1589,35,50.0,,,,0.25,,136,1
AITK-2405102-20,1591,135,150.0,,,,0.25,,137,2
AITK-2405102-20,1593,207,222.0,,,,0.82,,138,3
AITK-2405120-56,3128,35,50.0,53.2,5.0,2.5,0.3,30.0,139,1
AITK-2405120-56,3130,85,200.0,50.8,5.0,3.1,0.9,26.0,140,2
AITK-2405209-6,3118,35,50.0,51.4,4.8,2.6,0.3,30.1,141,1
AITK-2405209-6,3119,85,100.0,54.0,5.2,2.9,0.4,29.4,142,2
AITK-2405209-6,3120,135,150.0,49.3,4.8,3.1,0.8,26.4,143,3
AITK-2405209-6,3121,185,200.0,30.3,3.2,2.1,0.7,15.0,144,4
AITK-2405209-6,5497,35,50.0,,,,0.11,,145,5
AITK-2405209-6,5498,85,100.0,,,,0.22,,146,6
AITK-2405209-6,5499,135,150.0,,,,0.44,,147,7
AITK-2405209-6,5500,185,200.0,,,,0.79,,148,8
AITK-2405216-8,1373,35,50.0,,,,,,149,1
AITK-2405216-8,1374,84,99.0,,,,,,150,2
AITK-2405216-8,1375,135,150.0,,,,,,151,3
AITK-2405216-8,1376,150,165.0,,,,,,152,4
AITK-2405226-2,1493,35,50.0,,,,,,153,1
AITK-2405226-2,1494,84,99.0,,,,,,154,2
AITK-2405226-2,1495,135,150.0,,,,0.08,,155,3
AITK-2405226-2,1496,184,199.0,,,,,,156,4
AITK-2405226-2,1497,235,250.0,,,,,,157,5
AITK-2405226-2,1498,284,299.0,,,,,,158,6
AITK-2405226-2,1499,335,350.0,,,,,,159,7
AITK-2405226-2,1500,384,399.0,,,,,,160,8
AITK-2405226-2,1501,400,415.0,,,,,,161,9
AITK-2504502-360,3256,85,100.0,51.1,4.6,1.6,0.2,29.4,162,1
AITK-2504502-360,3257,135,150.0,54.5,5.1,1.1,0.2,32.9,163,2
AITK-2504502-360,3258,185,200.0,54.2,5.2,1.4,0.2,30.7,164,3
AITK-2504502-360,3259,235,250.0,54.3,5.5,2.6,0.2,31.1,165,4
AITK-2504502-360,3260,285,300.0,43.1,5.1,3.3,0.4,24.9,166,5
AITK-2504502-360,3261,335,350.0,39.3,4.8,3.1,0.4,22.6,167,6
AITK-2504635-100,3294,35,50.0,49.6,4.9,2.6,0.3,26.4,168,1
AITK-2504635-100,3295,85,100.0,50.6,5.0,2.9,0.3,25.8,169,2
AITK-2504635-100,3296,135,150.0,46.8,4.5,2.6,0.3,25.3,170,3
AITK-2504635-100,3297,185,200.0,50.4,4.9,2.9,0.3,26.0,171,4
AITK-2504635-100,3298,235,250.0,46.4,4.2,2.3,0.7,23.1,172,5
AITK-2504811-330,3209,35,150.0,51.9,5.0,2.7,0.2,29.1,173,1
AITK-2504819-365,3308,35,50.0,48.6,4.5,2.3,0.3,29.1,174,1
AITK-2504819-365,3309,85,100.0,47.7,4.6,2.7,0.3,28.4,175,2
AITK-2504819-365,3310,135,150.0,53.0,5.0,3.1,0.4,28.3,176,3
AITK-2504819-365,3311,185,200.0,45.9,4.3,2.6,0.4,26.9,177,4
AITK-2504819-365,3312,235,250.0,48.6,4.7,2.7,0.5,26.6,178,5
AITK-2504819-365,3313,285,300.0,45.5,4.8,2.9,1.5,23.2,179,6
AITK-2504819-365,3314,335,350.0,31.2,3.4,2.0,1.1,16.7,180,7
AITK-2504936-14,1457,35,50.0,,,,,,181,1
AITK-2505005-1,3041,35,50.0,51.2,5.5,1.8,0.2,31.9,182,1
AITK-2505005-1,3042,85,100.0,55.4,5.6,2.4,0.2,30.6,183,2
AITK-2505005-1,3043,135,150.0,54.5,5.6,2.7,0.2,32.0,184,3
AITK-2505005-1,3044,185,200.0,51.9,5.3,2.6,0.2,30.9,185,4
AITK-2505005-2,3046,35,50.0,52.6,5.5,2.5,0.2,30.9,186,1
AITK-2505005-2,3047,85,100.0,55.5,5.8,2.5,0.2,29.6,187,2
AITK-2505005-2,3048,135,150.0,53.3,5.4,2.5,0.2,30.6,188,3
AITK-2505006-3,3050,35,50.0,53.8,5.6,2.5,0.2,30.5,189,1
AITK-2505006-3,3051,85,100.0,55.3,5.6,2.4,0.2,30.1,190,2
AITK-2505006-3,3052,135,150.0,55.0,5.6,2.1,0.2,32.3,191,3
AITK-2505006-3,3053,185,200.0,52.2,5.2,2.8,0.2,30.5,192,4
AITK-2505006-3,3054,235,250.0,54.4,5.1,2.6,0.2,29.0,193,5
AITK-2505006-5,3062,35,50.0,50.7,5.2,0.9,0.1,38.6,194,1
AITK-2505006-5,3063,85,100.0,50.1,5.4,0.5,0.1,40.6,195,2
AITK-2505006-5,3064,135,150.0,52.4,5.5,1.1,0.1,37.3,196,3
AITK-2505006-5,3065,185,200.0,55.1,5.4,2.4,0.2,32.6,197,4
AITK-2505006-5,3066,235,250.0,51.5,5.0,2.6,0.2,30.6,198,5
AITK-2505006-5,3067,285,300.0,53.4,5.3,3.0,0.2,30.2,199,6
AITK-2505007-44,3140,35,50.0,52.0,5.3,1.2,0.2,34.4,200,1
AITK-2505007-44,3141,85,100.0,53.1,5.6,2.6,0.2,32.3,201,2
AITK-2505007-44,3142,135,150.0,49.8,4.9,2.5,0.2,28.7,202,3
AITK-2505008-225,3144,35,50.0,52.1,5.5,1.1,0.2,36.7,203,1
AITK-2505008-225,3145,85,100.0,51.9,5.4,1.0,0.1,35.3,204,2
AITK-2505008-225,3146,135,150.0,53.7,5.5,1.2,0.2,35.1,205,3
AITK-2505008-225,3147,185,200.0,55.1,5.5,1.7,0.2,31.1,206,4
AITK-2505008-225,3148,235,250.0,53.1,5.2,2.8,0.3,29.9,207,5
AITK-2505008-225,3149,250,330.0,50.4,5.0,2.6,0.3,28.8,208,6
AITK-2505010-260,3188,35,50.0,51.1,5.2,3.0,0.3,28.3,209,1
AITK-2505010-260,3189,85,100.0,51.6,4.9,2.3,0.3,28.4,210,2
AITK-2505010-260,3190,135,150.0,52.7,5.2,3.4,0.4,27.8,211,3
AITK-2505010-260,3191,185,200.0,47.5,4.6,3.3,0.6,23.8,212,4
AITK-2505010-260,3192,250,265.0,36.1,3.6,2.6,1.0,18.4,213,5
AITK-2505215-39,3102,35,50.0,52.8,5.5,3.0,0.4,31.6,214,1
AITK-2505215-39,3103,85,100.0,54.1,5.9,3.5,0.4,29.7,215,2
AITK-2505215-39,3104,135,150.0,52.6,5.7,3.7,0.6,29.7,216,3
AITK-2505215-39,3105,185,200.0,53.7,5.8,3.8,0.8,29.0,217,4
AITK-2505215-39,3106,235,250.0,53.4,5.5,3.5,0.7,29.7,218,5
AITK-2505215-39,3107,285,300.0,53.3,5.9,3.6,0.8,28.1,219,6
AITK-2505215-39,3108,315,330.0,51.0,5.8,3.9,1.1,27.0,220,7
AITK-2505232-189,3133,35,50.0,36.7,3.4,2.0,0.6,20.8,221,1
AITK-2505232-189,3134,85,100.0,46.1,4.7,2.9,1.5,22.2,222,2
AITK-2505232-189,3135,135,150.0,30.8,3.2,2.0,3.5,15.2,223,3
AITK-2505235-175,3124,0,100.0,51.0,5.3,3.1,0.5,28.0,224,1
AITK-2505235-175,3126,100,220.0,38.9,4.1,2.7,1.5,18.3,225,2
AITK-2604722-322,3246,35,50.0,52.5,5.0,2.9,0.4,30.8,226,1
AITK-2604722-322,3247,85,100.0,53.4,4.9,2.6,0.3,29.3,227,2
AITK-2604722-322,3248,135,150.0,53.4,4.9,2.2,0.3,31.1,228,3
AITK-2604722-322,3249,185,200.0,53.0,5.2,2.9,0.3,29.8,229,4
AITK-2604722-322,3250,235,250.0,55.2,5.4,3.1,0.3,29.1,230,5
AITK-2604722-322,3251,285,300.0,51.1,5.0,3.1,0.6,25.4,231,6
AITK-2604722-322,3252,335,350.0,44.9,4.4,2.9,0.6,22.5,232,7
AITK-2604722-322,3253,385,400.0,36.5,3.6,2.3,0.6,17.8,233,8
AITK-2604722-322,3254,440,455.0,26.1,2.7,1.7,0.7,13.2,234,9
AITK-2604723-324,3242,35,50.0,51.8,4.7,2.5,0.3,31.1,235,1
AITK-2604723-324,3243,85,100.0,52.6,4.6,2.5,0.3,30.3,236,2
AITK-2604723-324,3244,135,150.0,51.6,4.6,2.8,0.3,29.1,237,3
AITK-2604931-60,3220,35,85.0,51.7,5.3,1.7,0.2,30.8,238,1
AITK-2605011-43,3150,35,50.0,53.9,5.5,2.3,0.2,29.5,239,1
AITK-2605011-43,3151,85,100.0,54.1,5.4,2.3,0.2,30.7,240,2
AITK-2605011-43,3152,135,150.0,49.5,4.9,2.7,0.3,27.5,241,3
AITK-2605011-43,3153,185,200.0,51.9,5.2,2.9,0.3,28.9,242,4
AITK-2605011-43,3154,215,230.0,20.1,2.4,1.6,0.4,10.7,243,5
AITK-2605020-38,3156,35,50.0,53.5,5.5,2.5,0.3,32.2,244,1
AITK-2605020-38,3157,85,100.0,53.9,5.6,2.6,0.3,31.7,245,2
AITK-2605020-38,3158,135,150.0,54.2,5.6,2.3,0.2,32.1,246,3
AITK-2605020-38,3159,185,200.0,54.1,5.6,2.2,0.2,32.2,247,4
AITK-2605020-38,3160,235,250.0,53.4,5.7,2.6,0.2,32.8,248,5
AITK-2605020-38,3161,285,300.0,53.6,5.8,2.6,0.3,32.5,249,6
AITK-2605020-38,3162,335,350.0,49.6,5.5,4.1,0.3,26.9,250,7
AITK-2605020-38,3163,385,400.0,46.2,5.3,3.7,0.4,24.1,251,8
AITK-2704510-97,3326,35,50.0,53.1,5.3,1.5,0.2,30.0,252,1
AITK-2704510-97,3327,85,100.0,54.5,5.2,1.8,0.3,30.6,253,2
AITK-2704510-97,3328,135,150.0,53.9,5.3,1.8,0.2,32.4,254,3
AITK-2704510-97,3329,185,200.0,52.7,5.8,3.3,0.3,28.8,255,4
AITK-2704510-97,3330,235,250.0,50.1,5.7,3.8,0.3,26.0,256,5
AITK-2704510-97,3331,285,300.0,44.0,5.0,3.2,0.4,23.1,257,6
AITK-2704510-97,3332,335,350.0,43.0,4.6,2.9,0.7,21.2,258,7
AITK-2704510-97,3333,385,400.0,44.0,4.8,3.0,1.0,20.9,259,8
AITK-2704510-97,3334,435,450.0,39.8,5.0,3.2,2.0,22.6,260,9
AITK-2704510-97,3335,485,500.0,39.9,4.7,2.9,1.2,22.9,261,10
AITK-2704814-297,3212,35,50.0,53.2,4.8,2.0,0.3,30.7,262,1
AITK-2704814-297,3213,85,100.0,51.7,5.4,3.0,0.3,31.3,263,2
AITK-2704814-297,3214,135,150.0,51.5,5.3,3.4,0.3,30.5,264,3
AITK-2704814-297,3215,185,200.0,53.2,5.2,3.2,0.4,28.2,265,4
AITK-2704814-297,3216,235,250.0,53.8,5.1,2.7,0.4,27.9,266,5
AITK-2704814-297,3217,285,300.0,49.8,5.0,3.0,0.9,24.4,267,6
AITK-2704814-297,3218,335,350.0,37.1,4.1,3.0,2.4,15.9,268,7
AITK-2705023-243,3170,35,50.0,50.2,5.4,1.3,0.2,34.3,269,1
AITK-2705023-243,3171,85,100.0,53.6,5.7,1.3,0.2,34.3,270,2
AITK-2705023-243,3172,135,150.0,55.2,5.8,2.2,0.2,30.5,271,3
AITK-2705023-243,3173,185,200.0,52.0,5.2,2.7,0.2,28.7,272,4
AITK-2705215-208,3109,35,50.0,51.3,5.7,1.3,0.2,35.5,273,1
AITK-2705215-208,3110,85,100.0,52.6,5.8,1.2,0.2,35.8,274,2
AITK-2705215-208,3111,135,150.0,53.5,5.7,1.2,0.1,35.7,275,3
AITK-2705215-208,3112,185,200.0,53.1,6.0,1.1,0.2,36.1,276,4
AITK-2705215-208,3113,235,250.0,52.9,5.9,2.1,0.1,33.1,277,5
AITK-2705215-208,3114,285,300.0,53.4,5.8,2.9,0.2,30.6,278,6
AITK-2705215-208,3115,335,350.0,48.8,5.0,2.5,0.2,26.7,279,7
AITK-2705215-208,3116,380,395.0,51.9,5.1,2.7,0.3,27.5,280,8
BELT-3015618-528,3475,75,100.0,53.8,4.8,2.4,0.3,32.4,281,1
BELT-3015618-528,3476,110,150.0,53.3,4.3,2.3,0.8,29.9,282,2
BELT-3215501-354,3498,50,120.0,46.3,4.7,0.9,0.2,38.5,283,1
BELT-3215501-354,3499,150,315.0,54.2,5.2,1.4,0.2,33.1,284,2
BELT-3215513-527,3500,50,100.0,53.0,5.0,0.9,0.2,36.4,285,1
BELT-3215513-527,3501,150,200.0,53.7,5.0,1.0,0.2,35.9,286,2
BELT-3215514-328,3494,50,100.0,51.5,5.2,1.1,0.2,36.6,287,1
BELT-3215514-328,3495,100,270.0,52.1,5.1,0.9,0.2,38.0,288,2
BELT-3215514-328,3496,270,360.0,51.4,4.9,0.7,0.1,38.1,289,3
BELT-3215514-328,3497,360,400.0,48.3,4.4,2.6,1.1,27.9,290,4
BELT-3215625-346,3502,60,90.0,50.7,5.1,1.7,0.2,34.2,291,1
BELT-3215625-346,3503,100,270.0,54.9,5.1,1.2,0.2,33.3,292,2
BELT-3215625-346,3504,360,390.0,51.4,4.2,3.0,2.6,24.7,293,3
BELT-3215633-380,3466,0,60.0,49.2,4.7,1.2,0.2,38.1,294,1
BELT-3215633-380,3467,100,200.0,52.9,5.1,1.5,0.2,35.6,295,2
BELT-3215633-380,3468,210,300.0,54.6,5.1,2.0,0.4,32.3,296,3
BELT-3215633-380,3469,300,345.0,53.1,4.9,2.6,1.5,30.2,297,4
BELT-3315504-525,3463,0,140.0,53.4,4.8,2.5,0.4,33.0,298,1
BELT-3315504-525,3464,140,230.0,53.4,5.0,2.9,1.9,29.2,299,2
BELT-3315524-376,3478,50,90.0,51.2,4.5,2.5,0.5,29.9,300,1
BELT-3315624-529,3490,70,120.0,54.8,5.1,2.7,0.3,32.0,301,1
BELT-3315624-529,3491,125,175.0,55.3,5.3,3.0,1.2,29.8,302,2
BELT-3315624-529,3492,210,225.0,51.7,4.8,3.1,2.6,26.4,303,3
BELT-3515501-526,3465,90,140.0,54.5,5.0,2.9,0.5,31.6,304,1
CARL-1904801-244,3530,230,245.0,51.2,4.4,2.4,0.3,28.6,305,1
CARL-1904831-220,3524,40,55.0,51.2,4.6,2.0,0.3,33.3,306,1
CARL-1904831-220,3525,135,150.0,53.1,4.9,1.8,0.2,34.9,307,2
CARL-1904928-585,3930,50,80.0,49.2,4.8,2.5,0.3,28.4,308,1
CARL-1904929-193,3516,20,70.0,50.8,5.3,1.8,0.2,31.0,309,1
CARL-1904929-193,3517,190,240.0,54.7,5.0,1.4,0.2,30.6,310,2
CARL-2004919-A500-40,3937,180,230.0,54.3,5.8,1.7,0.2,31.8,311,1
CARL-2004919-A500-40,3938,300,350.0,55.1,5.3,2.3,0.2,28.7,312,2
CARL-2104822-182,3510,200,250.0,51.3,4.4,2.1,0.2,32.3,313,1
CARL-2104836-279,3523,150,175.0,52.5,4.4,2.4,0.2,34.9,314,1
CARL-2104912-134,3606,40,55.0,53.4,5.4,2.2,0.3,32.7,315,1
CARL-2104912-134,3607,135,150.0,55.9,5.7,2.4,0.3,31.3,316,2
CARL-2104924-612,3939,0,50.0,51.3,5.4,1.4,0.2,35.3,317,1
CARL-2104924-612,3941,100,150.0,50.8,5.2,1.6,0.3,34.0,318,2
CARL-2104924-612,3943,195,245.0,54.7,5.6,2.3,0.2,29.5,319,3
CHIS-2103510-4,3931,0,45.0,45.1,4.3,3.3,0.5,29.2,320,1
CHIS-2103510-4,3932,60,91.0,50.7,4.9,3.4,0.6,29.3,321,2
CHIS-2103515-17,3934,10,65.0,48.1,4.5,3.1,0.7,27.8,322,1
CHIS-2103515-20,3935,13,50.0,44.5,4.1,2.7,0.5,29.2,323,1
CHIS-2103515-20,3936,50,100.0,48.5,4.6,3.0,0.7,28.2,324,2
ITAS-2306031-36,3541,85,100.0,53.0,4.7,2.3,0.2,32.1,325,1
ITAS-2306223-228,3573,60,100.0,52.0,4.2,1.6,0.3,32.5,326,1
ITAS-2306223-228,3574,110,140.0,50.5,4.0,1.8,0.4,31.1,327,2
ITAS-2306223-228,3575,160,180.0,51.0,4.2,2.2,0.6,31.2,328,3
ITAS-2406118-31,3535,120,135.0,53.7,4.7,2.6,0.4,32.3,329,1
ITAS-2406118-31,3536,270,285.0,53.9,4.7,2.6,0.4,30.7,330,2
ITAS-2706112-23,3533,110,125.0,54.0,4.7,1.9,0.2,32.2,331,1
KOOC-2206709-631,3069,35,50.0,50.9,5.8,1.9,0.3,30.6,332,1
KOOC-2206709-631,3070,85,100.0,52.3,5.8,1.8,0.3,32.0,333,2
KOOC-2206709-631,3071,135,150.0,52.3,4.9,1.5,0.3,32.6,334,3
KOOC-2206709-631,3072,185,200.0,51.4,4.5,1.7,0.4,30.6,335,4
KOOC-2206709-631,3073,235,250.0,51.1,5.0,2.6,1.2,26.8,336,5
KOOC-2206709-631,3074,285,300.0,49.2,4.9,2.5,1.4,26.6,337,6
KOOC-2206709-631,3075,335,350.0,52.2,5.3,2.6,1.7,27.7,338,7
KOOC-2206709-631,3076,385,400.0,49.9,5.6,2.7,2.6,23.9,339,8
KOOC-2206709-631,3077,435,450.0,48.9,5.5,2.8,2.2,23.8,340,9
KOOC-2206905-27,2934,35,200.0,52.7,5.8,1.4,0.2,34.4,341,1
KOOC-2206905-27,2938,235,400.0,53.9,5.5,2.1,0.3,30.8,342,2
KOOC-2206905-27,2942,435,550.0,52.0,5.1,2.6,1.2,27.2,343,3
KOOC-2206908-2,2896,35,50.0,52.7,5.7,2.0,0.3,31.8,344,1
KOOC-2206908-2,2897,85,100.0,54.0,5.9,2.2,0.3,31.9,345,2
KOOC-2206908-2,2898,135,150.0,55.1,6.2,2.1,0.5,31.7,346,3
KOOC-2206908-2,2899,185,200.0,54.7,5.5,2.0,0.4,31.6,347,4
KOOC-2206908-2,2900,235,250.0,54.7,6.0,2.6,0.6,31.0,348,5
KOOC-2206908-2,2901,285,300.0,53.9,5.7,2.3,0.5,30.1,349,6
KOOC-2206908-2,2902,335,350.0,53.5,5.2,2.2,0.5,30.1,350,7
KOOC-2206908-2,2903,385,400.0,54.2,5.2,2.5,0.5,30.3,351,8
KOOC-2206908-2,2904,435,450.0,53.5,5.0,2.4,0.8,28.6,352,9
KOOC-2206908-2,2905,485,500.0,53.5,5.4,2.8,0.5,29.9,353,10
KOOC-2206908-2,2906,535,550.0,50.8,5.1,2.8,0.9,26.3,354,11
KOOC-2206908-2,2907,585,600.0,38.9,3.8,2.3,0.9,20.1,355,12
KOOC-2206909-4,2909,35,50.0,52.0,5.7,1.5,0.2,34.4,356,1
KOOC-2206909-4,2910,85,100.0,53.0,5.7,1.3,0.3,34.0,357,2
KOOC-2206909-4,2911,135,150.0,53.4,5.7,1.2,0.2,36.5,358,3
KOOC-2206909-4,2912,185,200.0,55.5,5.7,1.9,0.2,32.9,359,4
KOOC-2206909-4,2913,235,250.0,55.0,5.7,1.9,0.2,31.9,360,5
KOOC-2206909-4,2914,285,300.0,55.0,5.5,2.0,0.2,33.1,361,6
KOOC-2206909-4,2915,335,350.0,54.1,5.4,1.4,0.2,33.3,362,7
KOOC-2206909-4,2916,385,400.0,54.9,5.5,2.1,0.4,32.5,363,8
KOOC-2206909-4,2917,435,450.0,55.8,5.5,2.2,0.6,30.6,364,9
KOOC-2206909-4,2918,485,500.0,54.8,5.6,2.4,0.7,31.0,365,10
KOOC-2206909-4,2919,535,550.0,54.4,5.6,2.5,0.4,31.2,366,11
KOOC-2206909-4,2920,585,600.0,54.3,5.4,3.0,0.3,30.2,367,12
KOOC-2206909-4,2921,635,650.0,53.8,5.7,2.5,0.4,30.2,368,13
KOOC-2206910-6,2923,35,50.0,51.1,4.9,1.5,0.4,33.0,369,1
KOOC-2206910-6,2924,85,100.0,52.9,4.9,1.6,0.3,33.4,370,2
KOOC-2206910-6,2925,135,150.0,53.9,5.1,1.8,0.3,32.7,371,3
KOOC-2206910-6,2926,185,200.0,54.5,5.4,2.0,0.3,32.4,372,4
KOOC-2206910-6,2927,235,250.0,54.2,5.3,2.2,0.4,32.2,373,5
KOOC-2206910-6,2928,285,300.0,54.9,5.4,1.9,0.3,31.5,374,6
KOOC-2206910-6,2929,335,350.0,55.4,5.3,2.2,0.4,31.3,375,7
KOOC-2206910-6,2930,385,400.0,55.1,5.0,1.8,0.4,31.2,376,8
KOOC-2206910-6,2931,435,450.0,53.0,5.2,2.4,0.5,29.3,377,9
KOOC-2206910-6,2932,485,500.0,51.1,5.0,3.0,1.0,25.4,378,10
KOOC-2207032-13,2946,35,50.0,51.7,5.8,2.0,0.3,30.9,379,1
KOOC-2207032-13,2947,85,100.0,54.1,5.4,1.7,0.3,31.6,380,2
KOOC-2207032-13,2948,135,150.0,53.6,5.2,2.0,0.3,30.6,381,3
KOOC-2207032-13,2949,185,200.0,53.3,5.1,1.9,0.3,30.6,382,4
KOOC-2207032-13,2950,235,250.0,53.0,4.9,2.0,0.9,29.4,383,5
KOOC-2306317-648,3080,35,50.0,52.8,5.3,1.2,0.2,33.9,384,1
KOOC-2306317-648,3081,85,100.0,53.7,5.9,1.5,0.4,31.3,385,2
KOOC-2306317-648,3082,135,150.0,51.6,5.1,2.7,0.8,27.6,386,3
KOOC-2306317-648,3083,185,200.0,51.7,5.8,3.2,1.2,25.3,387,4
KOOC-2306317-648,3084,205,220.0,43.8,4.5,2.6,1.2,20.4,388,5
KOOC-2307006-1A,1387,35,50.0,,,,0.22,,389,1
KOOC-2307006-1A,1388,85,100.0,,,,0.36,,390,2
KOOC-2307006-1A,1389,135,150.0,,,,0.29,,391,3
KOOC-2307006-1A,1390,185,200.0,,,,0.32,,392,4
KOOC-2307006-1A,1391,225,240.0,,,,0.58,,393,5
KOOC-2406318-652,3086,35,50.0,53.8,4.9,1.3,0.3,31.9,394,1
KOOC-2406318-652,3087,85,100.0,51.6,4.9,2.1,0.7,28.7,395,2
KOOC-2406318-652,3088,135,150.0,51.6,4.9,2.5,1.1,26.0,396,3
KOOC-2406328-655,3090,35,50.0,52.3,6.0,1.8,0.3,32.1,397,1
KOOC-2406328-655,3091,85,100.0,54.2,6.1,1.2,0.3,31.0,398,2
KOOC-2406328-655,3092,135,150.0,47.8,5.1,1.5,0.7,24.7,399,3
KOOC-2506914-N-19,4601,32,47.0,,,,0.08,,400,1
KOOC-2506914-N-19,4603,80,95.0,,,,0.08,,401,2
KOOC-2506914-N-19,4604,130,145.0,,,,0.08,,402,3
KOOC-2506914-N-19,4605,180,195.0,,,,0.1,,403,4
KOOC-2506915-N-11,4540,30,45.0,,,,0.18,,404,1
KOOC-2506915-N-11,4541,80,95.0,,,,0.2,,405,2
KOOC-2506915-N-11,4543,120,135.0,,,,0.2,,406,3
KOOC-2506915-N-11,4544,165,180.0,,,,0.15,,407,4
KOOC-2506916-N-29,4637,33,47.0,,,,0.08,,408,1
KOOC-2506916-N-29,4638,80,95.0,,,,0.13,,409,2
KOOC-2506916-N-29,4639,120,135.0,,,,0.1,,410,3
KOOC-2506916-N-29,4640,160,175.0,,,,0.15,,411,4
KOOC-2606713-37,5164,35,50.0,50.6,5.3,1.2,0.2,34.5,412,1
KOOC-2606713-37,5165,85,100.0,54.6,5.3,1.1,0.3,32.7,413,2
KOOC-2606713-37,5166,135,150.0,55.1,5.1,1.5,0.7,31.9,414,3
KOOC-2606713-37,5167,185,200.0,54.1,4.7,1.6,0.8,31.0,415,4
KOOC-2606713-37,5168,235,250.0,53.9,4.8,2.4,1.3,28.5,416,5
KOOC-2606713-37,5169,285,300.0,53.3,4.8,2.5,1.6,27.2,417,6
KOOC-2606713-37,5170,335,350.0,52.5,4.9,2.6,2.0,25.3,418,7
KOOC-2606713-37,5171,385,400.0,51.0,4.9,2.7,2.1,24.2,419,8
KOOC-2606714-29,5172,35,50.0,52.3,5.4,0.7,0.2,37.8,420,1
KOOC-2606714-29,5173,85,100.0,49.9,5.3,0.2,0.1,41.4,421,2
KOOC-2606714-29,5174,135,150.0,51.6,5.4,0.6,0.2,38.4,422,3
KOOC-2606714-29,5175,185,200.0,55.0,5.8,1.7,0.2,31.8,423,4
KOOC-2606714-29,5176,235,250.0,54.7,5.5,1.7,0.2,29.7,424,5
KOOC-2606714-29,5177,285,300.0,46.4,4.6,1.0,0.2,29.1,425,6
KOOC-2606715-26,5178,35,50.0,51.0,5.6,1.2,0.2,35.9,426,1
KOOC-2606715-26,5179,85,100.0,52.8,5.7,0.8,0.2,36.1,427,2
KOOC-2606715-26,5180,135,150.0,53.5,5.7,1.2,0.2,34.2,428,3
KOOC-2606715-26,5181,185,200.0,54.5,5.5,1.1,0.2,31.5,429,4
KOOC-2606715-26,5182,235,250.0,55.2,5.5,1.0,0.2,31.0,430,5
KOOC-2606715-26,5183,285,300.0,55.6,5.4,0.6,0.2,32.9,431,6
KOOC-2606715-26,5184,335,350.0,54.1,5.2,2.4,1.8,28.0,432,7
KOOC-2606715-32,5185,35,50.0,53.7,5.3,1.2,0.2,34.2,433,1
KOOC-2606715-32,5186,85,100.0,54.9,5.7,2.7,0.3,31.6,434,2
KOOC-2606715-32,5187,135,150.0,55.4,5.5,2.4,0.3,31.8,435,3
KOOC-2606715-32,5188,185,200.0,55.0,5.6,1.7,0.2,32.6,436,4
KOOC-2606717-14,5189,35,50.0,52.7,5.6,1.7,0.2,34.2,437,1
KOOC-2606717-14,5190,85,100.0,54.9,5.2,2.1,0.4,30.9,438,2
KOOC-2606717-14,5191,135,150.0,55.2,5.1,2.0,0.4,31.5,439,3
KOOC-2606717-14,5192,185,200.0,54.5,5.2,2.5,0.8,30.1,440,4
KOOC-2606717-14,5193,235,250.0,53.6,5.2,2.4,1.4,28.5,441,5
KOOC-2606718-13,5194,35,50.0,54.1,5.2,1.9,0.4,30.3,442,1
KOOC-2606718-13,5195,85,100.0,53.3,5.1,2.0,0.4,30.8,443,2
KOOC-2606718-13,5196,135,150.0,54.0,5.1,2.0,0.6,30.9,444,3
KOOC-2606718-13,5197,185,200.0,55.1,5.3,2.6,0.8,28.6,445,4
KOOC-2606718-13,5198,235,250.0,54.2,5.1,2.5,1.4,26.9,446,5
KOOC-2606718-13,5199,285,300.0,50.8,5.1,2.8,1.6,24.1,447,6
KOOC-2606723-42,66,35,50.0,,,,0.16,,448,1
KOOC-2606723-42,67,135,150.0,,,,0.2,,449,2
KOOC-2606732-23,28,35,50.0,,,,0.35,,450,1
KOOC-2606732-23,29,135,150.0,,,,0.51,,451,2
KOOC-2606732-23,30,195,210.0,,,,2.11,,452,3
KOOC-2606902-L-10,4646,33,48.0,,,,0.1,,453,1
KOOC-2606902-L-10,4647,75,90.0,,,,0.1,,454,2
KOOC-2606902-L-10,4648,125,140.0,,,,0.13,,455,3
KOOC-2606902-L-10,4649,180,195.0,,,,0.18,,456,4
KOOC-2606903-A-1800-1400,4738,18,33.0,,,,0.28,,457,1
KOOC-2606903-A-1800-1400,4739,33,48.0,,,,0.25,,458,2
KOOC-2606903-A-1800-1400,4740,52,67.0,,,,0.2,,459,3
KOOC-2606903-A-1800-1400,4741,67,82.0,,,,0.23,,460,4
KOOC-2606903-A-1800-1400,4742,82,97.0,,,,0.15,,461,5
KOOC-2606903-A-1800-1400,4743,102,117.0,,,,0.48,,462,6
KOOC-2606903-A-1800-1400,4744,117,132.0,,,,0.93,,463,7
KOOC-2606903-A-1800-1400,4745,132,147.0,,,,1.1,,464,8
KOOC-2606911-A0-2200,4722,0,15.0,,,,0.95,,465,1
KOOC-2606911-A0-2200,4723,15,30.0,,,,0.15,,466,2
KOOC-2606911-A0-2200,4724,30,45.0,,,,0.2,,467,3
KOOC-2606911-A0-2200,4725,45,60.0,,,,0.18,,468,4
KOOC-2606911-A0-2200,4726,60,75.0,,,,0.28,,469,5
KOOC-2606911-A0-2200,4727,75,90.0,,,,0.4,,470,6
KOOC-2606911-A0-2200,4728,90,105.0,,,,0.28,,471,7
KOOC-2606911-A0-2200,4729,105,120.0,,,,0.18,,472,8
KOOC-2606911-A0-2200,4730,120,135.0,,,,0.15,,473,9
KOOC-2606911-A0-2200,4731,135,150.0,,,,0.23,,474,10
KOOC-2606911-A0-2200,4732,150,165.0,,,,0.15,,475,11
KOOC-2606911-A0-2200,4733,165,180.0,,,,0.25,,476,12
KOOC-2606911-A0-2200,4734,180,195.0,,,,0.18,,477,13
KOOC-2606911-L-2,4614,50,65.0,,,,0.08,,478,1
KOOC-2606911-L-2,4615,125,140.0,,,,0.08,,479,2
KOOC-2606911-L-2,4616,165,180.0,,,,0.08,,480,3
KOOC-2615419-13,2987,35,50.0,53.8,5.6,1.7,0.2,29.5,481,1
KOOC-2615419-13,2988,85,100.0,54.4,6.0,2.6,0.4,31.4,482,2
KOOC-2615419-13,2989,135,150.0,54.8,5.7,2.7,0.7,30.4,483,3
KOOC-2615419-13,2990,185,200.0,54.0,5.5,3.0,0.6,29.7,484,4
KOOC-2615802-6,2835,35,50.0,52.3,5.5,2.3,0.3,29.9,485,1
KOOC-2615802-6,2836,85,100.0,54.4,5.6,2.3,0.3,31.2,486,2
KOOC-2615802-6,2837,135,150.0,52.8,5.5,2.3,0.3,30.6,487,3
KOOC-2615802-6,2838,185,200.0,55.2,5.8,2.5,0.3,30.9,488,4
KOOC-2615802-6,2839,235,250.0,55.0,5.8,2.4,0.5,31.0,489,5
KOOC-2615802-6,2840,285,300.0,54.6,5.6,2.6,0.9,29.4,490,6
KOOC-2615803-4,2821,35,50.0,50.4,5.6,1.6,0.3,33.2,491,1
KOOC-2615803-4,2822,85,100.0,50.5,5.4,2.2,0.2,30.9,492,2
KOOC-2615803-4,2823,135,150.0,54.8,5.6,2.0,0.2,31.5,493,3
KOOC-2615803-4,2824,185,200.0,54.9,5.6,2.0,0.3,30.7,494,4
KOOC-2615803-4,2825,235,250.0,54.7,5.5,2.7,0.9,29.5,495,5
KOOC-2615803-4,2826,285,300.0,54.0,5.5,2.9,1.4,28.9,496,6
KOOC-2615807-9,2855,35,50.0,53.7,5.5,2.3,0.3,30.4,497,1
KOOC-2615807-9,2856,85,100.0,54.5,5.3,1.9,0.3,31.9,498,2
KOOC-2615807-9,2857,135,150.0,53.5,4.8,1.5,0.4,33.2,499,3
KOOC-2615807-9,2858,185,200.0,53.7,4.9,1.6,0.3,33.5,500,4
KOOC-2615807-9,2859,235,250.0,53.5,5.1,2.5,1.3,28.4,501,5
KOOC-2615807-9,2860,285,300.0,52.7,5.0,2.9,2.0,25.3,502,6
KOOC-2615808-8,2848,35,50.0,52.9,5.6,2.3,0.4,30.8,503,1
KOOC-2615808-8,2849,85,100.0,53.9,5.6,2.4,0.2,31.0,504,2
KOOC-2615808-8,2850,135,150.0,54.8,5.7,2.4,0.3,31.7,505,3
KOOC-2615808-8,2851,185,200.0,55.2,5.6,2.2,0.3,31.1,506,4
KOOC-2615808-8,2852,235,250.0,55.5,5.5,1.5,0.2,32.1,507,5
KOOC-2615808-8,2853,285,300.0,56.2,5.9,1.9,0.7,29.1,508,6
KOOC-2615808-8,2854,335,350.0,53.4,5.5,2.5,1.7,24.2,509,7
KOOC-2615809-7,2842,35,50.0,52.7,5.6,2.4,0.3,31.3,510,1
KOOC-2615809-7,2843,85,100.0,53.1,5.6,2.8,0.2,31.4,511,2
KOOC-2615809-7,2844,135,150.0,54.4,5.6,2.7,0.3,31.4,512,3
KOOC-2615809-7,2845,185,200.0,55.0,5.6,2.4,0.2,31.4,513,4
KOOC-2615809-7,2846,235,250.0,55.4,5.5,2.4,0.4,30.3,514,5
KOOC-2615809-7,2847,285,300.0,55.2,5.8,2.5,0.9,28.8,515,6
KOOC-2615810-2,2809,85,100.0,50.6,5.4,2.2,0.3,29.4,516,1
KOOC-2615810-2,2810,135,150.0,53.4,5.7,2.2,0.3,31.9,517,2
KOOC-2615810-2,2811,185,200.0,52.7,5.5,2.0,0.3,29.5,518,3
KOOC-2615810-2,2812,235,250.0,54.5,6.0,2.7,1.0,29.4,519,4
KOOC-2615810-2,2813,285,300.0,54.0,5.8,3.0,1.6,27.8,520,5
KOOC-2615810-2,2814,335,350.0,50.7,5.2,3.0,3.0,23.7,521,6
KOOC-2615810-3,2815,35,50.0,52.7,5.8,2.4,0.3,31.4,522,1
KOOC-2615810-3,2816,85,100.0,47.2,5.1,2.1,0.3,28.5,523,2
KOOC-2615810-3,2817,135,150.0,53.8,5.8,2.3,0.3,31.6,524,3
KOOC-2615810-3,2818,185,200.0,54.7,5.7,2.3,0.2,30.7,525,4
KOOC-2615810-3,2819,235,250.0,54.8,5.6,2.4,0.4,31.0,526,5
KOOC-2615815-1,2802,35,50.0,54.0,5.5,1.3,0.2,33.7,527,1
KOOC-2615815-1,2803,85,100.0,55.0,5.6,2.0,0.3,31.9,528,2
KOOC-2615815-1,2804,135,150.0,54.1,5.7,2.6,0.5,31.7,529,3
KOOC-2615815-1,2805,185,200.0,52.9,5.6,3.0,1.4,29.5,530,4
KOOC-2615815-1,2806,235,250.0,29.6,3.1,1.7,1.6,13.2,531,5
KOOC-2615823-10,2862,35,50.0,51.5,5.1,2.1,0.4,32.4,532,1
KOOC-2615823-10,2863,85,100.0,52.2,5.0,2.1,0.5,31.8,533,2
KOOC-2615823-10,2864,135,150.0,52.6,5.0,1.8,0.6,31.5,534,3
KOOC-2615823-10,2865,205,220.0,20.2,2.2,0.8,0.7,11.7,535,4
KOOC-2615934-5,2829,35,50.0,53.8,5.6,1.1,0.2,34.8,536,1
KOOC-2615934-5,2830,85,100.0,53.1,5.5,1.6,0.3,32.5,537,2
KOOC-2615934-5,2831,135,150.0,52.6,5.6,2.2,0.5,33.6,538,3
KOOC-2615934-5,2832,185,200.0,52.9,5.7,2.3,0.7,31.6,539,4
KOOC-2615934-5,2833,235,250.0,53.8,5.6,2.7,1.6,28.6,540,5
KOOC-2615934-5,2834,285,300.0,52.8,5.3,2.9,2.3,26.9,541,6
KOOC-2715401-7,2969,35,195.0,51.8,5.9,2.5,0.9,28.0,542,1
KOOC-2715402-5,2962,35,50.0,50.7,5.5,1.3,0.2,34.0,543,1
KOOC-2715402-5,2963,85,100.0,53.8,5.4,1.6,0.3,31.6,544,2
KOOC-2715402-5,2964,135,150.0,53.3,5.5,2.5,0.4,31.5,545,3
KOOC-2715402-5,2965,185,200.0,54.0,5.9,2.8,1.1,29.6,546,4
KOOC-2715402-5,2966,235,250.0,53.4,5.5,2.9,1.7,27.0,547,5
KOOC-2715402-5,2967,285,300.0,51.7,5.6,3.3,2.5,24.1,548,6
KOOC-2715403-15,2992,35,200.0,51.5,5.4,2.1,0.6,31.4,549,1
KOOC-2715403-3,2955,35,150.0,52.1,5.7,1.7,0.3,32.8,550,1
KOOC-2715403-3,2958,185,300.0,52.9,5.6,2.9,1.9,26.6,551,2
KOOC-2715409-1,2952,35,50.0,52.9,5.4,1.6,0.3,29.4,552,1
KOOC-2715409-1,2953,85,100.0,48.6,4.7,1.2,0.4,29.1,553,2
KOOC-2715411-9,2974,35,200.0,53.8,5.8,2.2,0.6,29.8,554,1
KOOC-2715413-11,2979,35,200.0,53.7,5.9,2.1,0.4,32.7,555,1
KOOC-2715413-11,2983,235,350.0,53.6,6.1,3.0,1.8,27.1,556,2
KOOC-2715534-17,2997,35,50.0,52.4,5.5,1.3,0.2,31.8,557,1
KOOC-2715534-17,2998,85,100.0,49.3,4.9,2.6,1.2,25.9,558,2
KOOC-2815503-5,2882,35,50.0,52.0,5.5,2.3,0.3,29.3,559,1
KOOC-2815503-5,2883,85,100.0,54.9,5.6,2.5,0.2,30.4,560,2
KOOC-2815503-5,2884,135,150.0,54.4,5.3,1.8,0.3,32.2,561,3
KOOC-2815503-5,2885,185,200.0,54.5,5.1,2.2,0.5,30.8,562,4
KOOC-2815503-5,2886,235,250.0,54.6,5.4,2.5,1.1,30.0,563,5
KOOC-2815503-5,2887,285,300.0,52.0,4.9,3.2,2.3,24.0,564,6
KOOC-2815510-6,2889,35,150.0,53.6,5.7,2.5,0.3,30.2,565,1
KOOC-2815510-7,2893,35,50.0,49.8,5.4,2.3,0.3,29.0,566,1
KOOC-2815510-7,2894,85,100.0,52.5,4.9,1.6,0.4,30.6,567,2
KOOC-2815625-1,2866,35,150.0,53.2,5.4,1.3,0.2,32.8,568,1
KOOC-2815625-2,2870,35,50.0,52.4,5.6,2.6,0.3,29.2,569,1
KOOC-2815625-2,2871,85,100.0,52.5,4.9,1.7,0.3,31.2,570,2
KOOC-2815625-2,2872,115,130.0,49.4,4.6,1.9,0.8,29.1,571,3
KOOC-2815626-1,5200,0,30.0,49.6,5.5,1.7,0.2,34.6,572,1
KOOC-2815626-1,5201,30,61.0,50.4,5.6,1.8,0.1,35.6,573,2
KOOC-2815626-1,5202,61,91.0,50.9,5.6,1.6,0.1,36.3,574,3
KOOC-2815626-1,5203,91,122.0,51.6,5.5,1.8,0.1,35.8,575,4
KOOC-2815626-1,5204,122,152.0,51.6,5.5,1.7,0.1,35.9,576,5
KOOC-2815626-1,5205,152,183.0,53.7,5.0,1.9,0.1,33.8,577,6
KOOC-2815626-1,5206,183,213.0,52.7,5.4,1.8,0.2,34.3,578,7
KOOC-2815626-1,5207,213,244.0,53.5,4.8,2.1,0.2,33.1,579,8
KOOC-2815626-1,5208,244,274.0,53.5,5.3,2.6,0.3,30.6,580,9
KOOC-2815626-1,5209,274,305.0,53.9,5.5,3.0,0.5,29.1,581,10
KOOC-2815626-2,5210,0,30.0,49.0,5.2,1.7,0.2,34.5,582,1
KOOC-2815626-2,5211,30,61.0,48.7,5.5,1.5,0.1,38.4,583,2
KOOC-2815626-2,5212,61,91.0,49.6,5.6,1.4,0.2,38.5,584,3
KOOC-2815626-2,5213,91,122.0,50.4,5.6,1.3,0.1,39.8,585,4
KOOC-2815626-2,5214,122,152.0,49.8,5.5,1.3,0.1,40.8,586,5
KOOC-2815626-2,5215,152,183.0,50.1,5.8,1.4,0.2,39.3,587,6
KOOC-2815626-2,5216,183,213.0,51.3,5.5,1.7,0.2,37.9,588,7
KOOC-2815626-2,5217,213,244.0,51.0,5.4,1.8,0.2,37.7,589,8
KOOC-2815626-2,5218,244,274.0,52.5,5.5,1.5,0.2,36.3,590,9
KOOC-2815626-2,5219,274,305.0,52.8,5.6,2.1,0.2,34.4,591,10
KOOC-2815626-2,5220,305,335.0,50.7,5.5,1.5,0.2,36.2,592,11
KOOC-2815626-2,5221,335,366.0,52.6,5.3,2.3,0.2,33.6,593,12
KOOC-2815626-2,5222,366,396.0,53.8,5.2,2.9,0.8,29.6,594,13
KOOC-2815626-2,5223,396,427.0,53.6,5.3,3.2,1.1,28.2,595,14
KOOC-2815627-3,5236,0,30.0,47.9,5.4,2.0,0.3,35.9,596,1
KOOC-2815627-3,5237,30,61.0,49.9,5.4,1.8,0.2,36.2,597,2
KOOC-2815627-3,5238,61,91.0,50.8,5.6,1.5,0.2,38.0,598,3
KOOC-2815627-3,5239,91,122.0,50.3,5.7,1.7,0.2,38.3,599,4
KOOC-2815627-3,5240,122,152.0,50.0,5.6,1.4,0.2,39.6,600,5
KOOC-2815627-3,5241,152,183.0,50.9,5.6,1.5,0.2,38.6,601,6
KOOC-2815627-3,5242,183,213.0,50.7,5.6,1.7,0.2,37.1,602,7
KOOC-2815627-3,5243,213,244.0,52.0,5.5,1.8,0.2,35.5,603,8
KOOC-2815627-3,5244,244,274.0,51.8,5.3,2.0,0.2,35.9,604,9
KOOC-2815627-3,5245,274,305.0,52.9,3.3,2.2,0.3,34.8,605,10
KOOC-2815627-3,5246,305,335.0,53.0,5.2,2.2,0.2,33.3,606,11
KOOC-2815627-3,5247,335,366.0,53.6,5.1,2.8,0.8,29.4,607,12
KOOC-2815627-3,5248,366,396.0,54.0,5.1,3.0,1.1,28.3,608,13
KOOC-2815627-4,5224,0,30.0,48.1,5.3,1.1,0.2,37.1,609,1
KOOC-2815627-4,5225,30,61.0,49.8,5.6,1.3,0.2,35.0,610,2
KOOC-2815627-4,5226,61,91.0,50.2,5.5,1.1,0.2,37.2,611,3
KOOC-2815627-4,5227,91,122.0,52.1,5.5,1.1,0.2,36.3,612,4
KOOC-2815627-4,5228,122,152.0,52.9,5.8,1.1,0.2,35.4,613,5
KOOC-2815627-4,5229,152,183.0,52.9,5.7,1.1,0.2,35.9,614,6
KOOC-2815627-4,5230,183,213.0,54.1,5.6,1.8,0.2,34.0,615,7
KOOC-2815627-4,5231,213,244.0,54.1,5.1,1.8,0.2,32.5,616,8
KOOC-2815627-4,5232,244,274.0,54.0,5.4,2.2,0.3,30.8,617,9
KOOC-2815627-4,5233,274,305.0,54.7,5.4,2.5,0.5,30.3,618,10
KOOC-2815627-4,5234,305,335.0,54.2,5.4,2.5,0.6,30.7,619,11
KOOC-2815627-4,5235,335,366.0,54.1,4.4,2.6,0.9,29.3,620,12
KOOC-2815627-5,5249,0,30.0,49.0,5.2,1.5,0.2,34.5,621,1
KOOC-2815627-5,5250,30,61.0,51.6,5.4,2.0,0.2,31.6,622,2
KOOC-2815627-5,5251,61,91.0,52.2,5.2,1.8,0.2,32.4,623,3
KOOC-2815627-5,5252,91,122.0,52.9,5.4,1.6,0.2,32.7,624,4
KOOC-2815627-5,5253,122,152.0,53.2,5.3,1.6,0.2,32.4,625,5
KOOC-2815627-5,5254,152,183.0,53.1,5.3,1.7,0.2,31.8,626,6
KOOC-2815627-5,5255,183,213.0,53.5,4.9,1.6,0.1,32.2,627,7
KOOC-2815627-5,5256,213,244.0,53.3,5.3,1.9,0.2,30.5,628,8
KOOC-2815627-5,5257,244,274.0,52.7,5.3,2.0,0.2,30.0,629,9
KOOC-2815627-5,5258,274,305.0,52.8,5.3,2.3,0.4,29.4,630,10
KOOC-2815628-3,2874,35,200.0,52.8,5.4,1.9,0.6,30.0,631,1
KOOC-2815634-41,2878,35,150.0,53.2,6.2,2.2,0.2,27.7,632,1
KOOC-2915516-2,5259,0,30.0,51.9,5.1,2.4,0.3,29.5,633,1
KOOC-2915516-2,5260,30,61.0,52.9,5.2,2.4,0.3,30.5,634,2
KOOC-2915516-2,5261,61,91.0,52.3,5.2,2.5,0.2,31.5,635,3
KOOC-2915516-2,5262,91,122.0,52.7,5.2,2.2,0.2,31.7,636,4
KOOC-2915516-2,5263,122,152.0,53.8,5.2,2.0,0.2,31.9,637,5
KOOC-2915516-2,5264,152,183.0,52.7,5.0,2.0,0.3,31.6,638,6
KOOC-2915516-2,5265,183,213.0,53.8,5.2,2.3,0.5,31.1,639,7
KOOC-2915516-2,5266,213,244.0,53.4,5.2,2.9,1.3,27.8,640,8
KOOC-2915516-2,5267,244,274.0,52.4,5.0,3.0,1.7,26.3,641,9
KOOC-2915517-1,5268,30,61.0,48.9,4.7,2.6,0.3,30.2,642,1
KOOC-2915517-1,5269,61,91.0,50.0,4.9,2.6,0.3,30.3,643,2
KOOC-2915517-1,5270,91,122.0,51.7,4.9,2.3,0.3,31.4,644,3
KOOC-2915517-1,5271,122,152.0,51.3,4.7,2.0,0.3,31.5,645,4
KOOC-2915517-1,5272,152,183.0,51.3,4.6,1.8,0.3,31.9,646,5
KOOC-2915520-4,5273,0,30.0,49.8,5.0,2.8,0.3,30.2,647,1
KOOC-2915520-4,5274,30,61.0,51.8,5.2,2.7,0.3,30.5,648,2
KOOC-2915520-4,5275,61,91.0,54.4,5.2,2.3,0.3,30.1,649,3
KOOC-2915520-4,5276,91,122.0,54.1,5.1,2.3,0.3,30.7,650,4
KOOC-2915520-4,5277,122,152.0,54.3,5.4,2.4,0.4,30.6,651,5
KOOC-2915521-148,238,15,30.0,,,,0.12,,652,1
KOOC-2915521-148,239,70,85.0,,,,0.08,,653,2
KOOC-2915521-148,240,110,125.0,,,,0.26,,654,3
KOOC-2915521-148,241,143,158.0,,,,0.04,,655,4
KOOC-2915521-31,5284,30,61.0,52.2,5.1,2.6,0.3,31.7,656,1
KOOC-2915521-31,5285,61,91.0,52.8,5.2,2.6,0.3,31.4,657,2
KOOC-2915521-31,5286,91,122.0,54.2,5.3,2.7,0.3,31.7,658,3
KOOC-2915521-31,5287,122,152.0,53.6,5.2,2.6,0.3,31.4,659,4
KOOC-2915521-31,5288,152,183.0,53.1,5.3,2.6,0.3,31.3,660,5
KOOC-2915521-31,5289,183,213.0,54.2,5.4,2.7,0.4,30.4,661,6
KOOC-2915521-31,5290,213,244.0,53.9,5.5,2.7,0.8,28.9,662,7
KOOC-2915521-31,5291,244,274.0,53.3,5.2,2.8,1.1,27.9,663,8
KOOC-2915521-5,5278,0,30.0,49.8,5.1,2.4,0.2,30.0,664,1
KOOC-2915521-5,5279,30,61.0,52.4,5.2,2.5,0.3,30.1,665,2
KOOC-2915521-5,5280,61,91.0,53.6,5.4,2.6,0.3,30.9,666,3
KOOC-2915521-5,5281,91,122.0,53.3,5.0,2.3,0.3,30.4,667,4
KOOC-2915521-5,5282,122,152.0,53.8,5.2,2.3,0.3,30.7,668,5
KOOC-2915521-5,5283,152,183.0,53.7,5.0,2.4,0.4,30.0,669,6
KOOC-2915521-51,213,0,15.0,,,,0.38,,670,1
KOOC-2915521-51,214,35,50.0,,,,0.04,,671,2
KOOC-2915521-51,215,85,100.0,,,,0.11,,672,3
KOOC-2915521-51,216,107,122.0,,,,0.34,,673,4
KOOC-2915521-53,223,0,25.0,,,,0.19,,674,1
KOOC-2915521-53,224,25,50.0,,,,0.15,,675,2
KOOC-2915521-53,225,67,82.0,,,,0.15,,676,3
KOOC-2915521-53,226,95,110.0,,,,0.38,,677,4
LOTW-3315904-462,3448,75,125.0,49.9,4.1,2.7,0.2,30.9,678,1
LOTW-3416203-465,3439,60,90.0,48.1,3.6,1.9,0.2,32.2,679,1
PINE-1704530-A+2100+300,4953,10,40.0,,,,0.25,,680,1
PINE-1704530-A+2100+300,4954,55,85.0,,,,0.15,,681,2
PINE-1704530-A+2100+300,4955,103,148.0,,,,0.15,,682,3
PINE-1804536-13,4840,20,35.0,,,,0.36,,683,1
PINE-1804536-13,4841,55,70.0,,,,0.14,,684,2
PINE-1804536-13,4842,80,95.0,,,,0.19,,685,3
PINE-1804536-13,4844,130,145.0,,,,0.28,,686,4
PINE-1804536-19,4899,25,40.0,,,,0.45,,687,1
PINE-1804536-19,4900,60,75.0,,,,0.35,,688,2
PINE-1804536-19,4901,80,95.0,,,,0.29,,689,3
PINE-1804536-19,4903,130,145.0,,,,0.32,,690,4
PINE-1804536-A+1500+-0,4959,10,45.0,,,,0.25,,691,1
PINE-1804536-A+1500+-0,4960,53,98.0,,,,0.28,,692,2
PINE-1804536-A+1500+-0,4961,105,145.0,,,,0.23,,693,3
PINE-1804536-A+300+100,4956,12,42.0,,,,0.13,,694,1
PINE-1804536-A+300+100,4957,53,90.0,,,,0.2,,695,2
PINE-1804536-A+300+100,4958,103,148.0,,,,0.18,,696,3
PINE-1804536-A+900+-0,4962,10,40.0,,,,0.15,,697,1
PINE-1804536-A+900+-0,4963,53,98.0,,,,0.13,,698,2
PINE-1804536-A+900+-0,4964,105,140.0,,,,0.13,,699,3
STLO-1805218-88,662,35,50.0,,,,0.15,,700,1
STLO-1805218-88,663,84,99.0,,,,0.23,,701,2
STLO-1805218-88,664,135,150.0,,,,0.04,,702,3
STLO-1805218-88,665,184,199.0,,,,0.15,,703,4
STLO-1805218-88,666,235,250.0,,,,0.08,,704,5
STLO-1805218-88,667,284,299.0,,,,0.23,,705,6
STLO-1805218-88,668,315,330.0,,,,0.34,,706,7
STLO-1805320-163,1239,35,50.0,,,,0.19,,707,1
STLO-1805320-163,1240,85,100.0,,,,0.11,,708,2
STLO-1805320-163,1242,185,200.0,,,,0.19,,709,3
STLO-1805320-163,1243,235,250.0,,,,0.16,,710,4
STLO-1805331-617,3953,0,50.0,51.6,5.0,2.4,0.4,31.1,711,1
STLO-1805331-617,3954,85,135.0,52.3,4.8,2.2,0.3,31.0,712,2
STLO-1805516-523,3913,30,47.0,52.8,5.7,3.0,0.2,32.0,713,1
STLO-1805516-523,3914,64,87.0,52.1,5.4,3.6,0.2,27.9,714,2
STLO-1805516-523,3915,127,150.0,53.6,5.5,3.0,0.3,29.2,715,3
STLO-1805536-A800+-0,3924,80,150.0,54.0,5.8,2.7,0.2,30.0,716,1
STLO-1805536-A800+-0,3926,200,230.0,52.0,4.7,2.2,0.3,9.5,717,2
STLO-1805536-A800+-0,3927,0,40.0,50.7,5.4,2.3,0.3,32.0,718,3
STLO-1806226-94,3583,30,60.0,51.8,5.1,1.9,0.2,33.1,719,1
STLO-1806226-94,3584,60,120.0,52.1,4.3,1.5,0.3,32.1,720,2
STLO-1806226-94,3585,120,180.0,54.4,4.4,1.2,0.3,31.5,721,3
STLO-1806229-97,3559,60,75.0,50.8,4.5,1.8,0.2,24.8,722,1
STLO-1806229-97,3560,170,185.0,54.5,4.5,1.6,0.5,30.7,723,2
STLO-1806229-97,3561,250,265.0,49.1,4.2,2.7,0.6,36.1,724,3
STLO-1905102-31,496,35,50.0,,,,0.04,,725,1
STLO-1905102-31,498,135,150.0,,,,0.07,,726,2
STLO-1905102-31,500,235,250.0,,,,0.14,,727,3
STLO-1905102-31,502,335,350.0,,,,0.08,,728,4
STLO-1905102-31,844,435,450.0,,,,0.41,,729,5
STLO-1905102-31,846,510,525.0,,,,0.16,,730,6
STLO-1905110-32,5141,61,91.0,49.9,5.3,0.6,0.1,42.1,731,1
STLO-1905110-32,5142,91,122.0,51.1,5.4,1.0,0.2,38.5,732,2
STLO-1905110-32,5143,122,152.0,51.6,5.4,0.9,0.1,39.4,733,3
STLO-1905110-32,5144,152,183.0,51.8,5.5,0.9,0.1,38.7,734,4
STLO-1905110-32,5145,183,213.0,53.6,5.7,1.4,0.2,34.0,735,5
STLO-1905110-32,5146,213,244.0,54.0,5.7,1.4,0.2,34.9,736,6
STLO-1905110-32,5147,244,274.0,55.0,5.8,1.5,0.2,32.9,737,7
STLO-1905110-32,5148,274,305.0,54.5,5.3,1.8,0.2,30.5,738,8
STLO-1905110-32,5149,305,335.0,55.1,5.3,2.1,0.2,30.9,739,9
STLO-1905110-32,5150,335,366.0,54.3,5.2,2.2,0.3,30.7,740,10
STLO-1905110-32,5151,366,396.0,53.9,3.4,2.2,0.2,30.5,741,11
STLO-1905110-38,5130,61,91.0,48.9,5.4,1.3,0.2,36.2,742,1
STLO-1905110-38,5131,91,122.0,49.4,5.4,0.5,0.1,42.5,743,2
STLO-1905110-38,5132,122,152.0,50.5,5.4,0.5,0.2,41.5,744,3
STLO-1905110-38,5133,152,183.0,51.2,5.7,0.8,0.1,39.8,745,4
STLO-1905110-38,5134,183,213.0,52.1,5.6,0.9,0.1,37.3,746,5
STLO-1905110-38,5135,213,244.0,53.6,5.8,1.0,0.1,35.9,747,6
STLO-1905110-38,5136,244,274.0,51.2,5.7,0.8,0.1,39.5,748,7
STLO-1905110-38,5137,274,305.0,54.6,5.8,1.5,0.2,33.3,749,8
STLO-1905110-38,5138,305,335.0,54.6,5.7,1.6,0.2,32.9,750,9
STLO-1905110-38,5139,335,366.0,53.6,5.4,1.8,0.2,29.9,751,10
STLO-1905110-38,5140,366,396.0,54.9,5.4,2.1,0.2,30.2,752,11
STLO-1905111-37,5152,61,91.0,51.9,5.4,1.2,0.1,36.2,753,1
STLO-1905111-37,5153,91,122.0,51.4,5.6,1.0,0.1,39.1,754,2
STLO-1905111-37,5154,122,152.0,51.2,5.7,0.8,0.2,40.2,755,3
STLO-1905111-37,5155,152,183.0,52.1,5.4,0.8,0.1,39.5,756,4
STLO-1905111-37,5156,183,213.0,51.8,5.8,0.9,0.2,39.2,757,5
STLO-1905111-37,5157,213,244.0,51.7,5.9,0.9,0.2,39.1,758,6
STLO-1905111-37,5158,244,274.0,52.7,5.8,1.2,0.1,36.8,759,7
STLO-1905111-37,5159,274,305.0,54.4,5.8,1.6,0.2,34.3,760,8
STLO-1905111-37,5160,305,335.0,55.4,5.6,2.1,0.2,31.5,761,9
STLO-1905111-37,5161,335,366.0,54.6,5.6,2.1,0.2,31.6,762,10
STLO-1905415-221,888,35,50.0,,,,0.04,,763,1
STLO-1905415-221,889,84,99.0,,,,0.2,,764,2
STLO-1905415-221,890,135,150.0,,,,0.16,,765,3
STLO-1905415-221,891,167,182.0,,,,0.45,,766,4
STLO-1905424-474,3920,50,80.0,54.6,5.4,2.5,0.2,30.8,767,1
STLO-1905424-474,3921,175,210.0,49.9,4.6,2.1,0.3,29.0,768,2
STLO-1905424-474,3922,250,285.0,48.6,4.8,2.7,0.6,26.5,769,3
STLO-1905425-473,3916,20,50.0,54.3,5.5,3.3,0.2,27.8,770,1
STLO-1905425-473,3917,80,107.0,52.2,5.2,2.5,0.3,27.6,771,2
STLO-1905425-473,3918,107,125.0,51.1,4.8,2.2,0.3,29.5,772,3
STLO-2005212-616,3951,13,50.0,52.7,5.1,1.4,0.2,31.9,773,1
STLO-2005212-616,3952,75,125.0,51.7,4.7,2.3,0.3,28.8,774,2
STLO-2005303-524,3907,38,73.0,54.3,5.5,2.5,0.2,29.4,775,1
STLO-2005303-524,3908,143,172.0,51.0,5.0,2.2,0.2,27.7,776,2
STLO-2005303-524,3909,235,280.0,51.5,5.2,2.5,0.2,27.9,777,3
STLO-2005308-613,3944,10,60.0,51.5,4.8,2.2,0.3,30.0,778,1
STLO-2005308-613,3945,75,125.0,51.2,4.3,2.7,0.5,29.0,779,2
STLO-2005315-525,3910,15,65.0,51.5,5.5,2.0,0.2,34.4,780,1
STLO-2005315-525,3911,110,159.0,54.1,5.5,1.9,0.2,30.0,781,2
STLO-2005315-525,3912,175,225.0,52.5,5.0,2.2,0.3,29.9,782,3
STLO-2005316-614,3946,0,50.0,52.0,5.4,2.1,0.3,30.1,783,1
STLO-2005316-614,3947,75,125.0,53.0,5.0,2.6,1.1,27.3,784,2
STLO-2005336-618,3955,0,50.0,53.3,5.6,1.9,0.2,31.7,785,1
STLO-2005336-618,3956,60,110.0,54.6,5.4,1.5,0.2,31.5,786,2
STLO-2005423-235,435,35,50.0,,,,0.04,,787,1
STLO-2005423-235,436,84,99.0,,,,0.04,,788,2
STLO-2005423-235,437,135,150.0,,,,0.04,,789,3
STLO-2005423-235,438,184,199.0,,,,0.07,,790,4
STLO-2005423-235,439,235,250.0,,,,0.22,,791,5
STLO-2005423-235,440,284,299.0,,,,0.04,,792,6
STLO-2005423-235,441,335,350.0,,,,0.22,,793,7
STLO-2005423-235,442,355,365.0,,,,0.43,,794,8
STLO-2005435-249,371,84,99.0,,,,0.12,,795,1
STLO-2005435-249,372,135,150.0,,,,0.31,,796,2
STLO-2005435-249,373,184,199.0,,,,0.12,,797,3
STLO-2005435-249,374,235,250.0,,,,0.16,,798,4
STLO-2005435-249,375,284,299.0,,,,0.12,,799,5
STLO-2005435-249,376,335,350.0,,,,0.31,,800,6
STLO-2005435-249,377,384,399.0,,,,0.27,,801,7
STLO-2005435-249,378,415,430.0,,,,0.55,,802,8
STLO-2005517-T23,4440,60,75.0,,,,0.18,,803,1
STLO-2005517-T23,4442,130,145.0,,,,0.1,,804,2
STLO-2005517-T23,4444,180,195.0,,,,0.15,,805,3
STLO-2005519-T27,4423,32,47.0,,,,0.1,,806,1
STLO-2005519-T27,4425,80,95.0,,,,0.15,,807,2
STLO-2005519-T27,4426,125,140.0,,,,0.18,,808,3
STLO-2005529-T38,4660,32,47.0,,,,0.15,,809,1
STLO-2005529-T38,4663,175,190.0,,,,0.08,,810,2
STLO-2005616-A+800-1600,4685,15,30.0,,,,0.15,,811,1
STLO-2005616-A+800-1600,4687,135,150.0,,,,0.23,,812,2
STLO-2005616-A+800-1600,4689,150,165.0,,,,0.25,,813,3
STLO-2005616-A+800-1600,4690,165,180.0,,,,0.28,,814,4
STLO-2005616-A+800-1600,4693,30,45.0,,,,0.2,,815,5
STLO-2005616-A+800-1600,4694,45,60.0,,,,0.18,,816,6
STLO-2005616-A+800-1600,4695,60,75.0,,,,0.15,,817,7
STLO-2005616-A+800-1600,4696,75,90.0,,,,0.15,,818,8
STLO-2005616-A+800-1600,4697,90,105.0,,,,0.1,,819,9
STLO-2005616-A+800-1600,4698,105,120.0,,,,0.15,,820,10
STLO-2005616-A+800-1600,4699,120,135.0,,,,0.18,,821,11
STLO-2005616-A+800-1600,4700,180,195.0,,,,0.3,,822,12
STLO-2005617-A-700-800,4677,45,60.0,,,,0.13,,823,1
STLO-2005617-A-700-800,4678,60,75.0,,,,0.18,,824,2
STLO-2005617-A-700-800,4679,75,90.0,,,,0.18,,825,3
STLO-2005617-A-700-800,4680,120,135.0,,,,0.35,,826,4
STLO-2005617-A-700-800,4681,135,150.0,,,,0.4,,827,5
STLO-2005617-A-700-800,4682,150,165.0,,,,0.25,,828,6
STLO-2005617-A-700-800,4683,165,180.0,,,,0.45,,829,7
STLO-2005617-A-700-800,4684,180,195.0,,,,0.18,,830,8
STLO-2005617-A-700-800,4701,90,105.0,,,,0.28,,831,9
STLO-2005617-A-700-800,4704,105,120.0,,,,0.28,,832,10
STLO-2005617-A-700-800,4706,15,30.0,,,,0.18,,833,11
STLO-2005617-A-700-800,4707,30,45.0,,,,0.23,,834,12
STLO-2005617-R21,4311,30,45.0,,,,0.25,,835,1
STLO-2005617-R21,4313,70,85.0,,,,0.18,,836,2
STLO-2005617-R21,4314,125,140.0,,,,0.18,,837,3
STLO-2005617-R9,4363,75,90.0,,,,0.15,,838,1
STLO-2005617-R9,4365,125,140.0,,,,0.15,,839,2
STLO-2005617-R9,4367,175,190.0,,,,0.15,,840,3
STLO-2006235-198,3005,85,100.0,52.4,4.4,1.4,0.2,33.4,841,1
STLO-2006235-198,3007,185,200.0,53.1,4.9,1.7,0.2,33.6,842,2
STLO-2006235-198,3010,335,350.0,47.0,3.7,2.1,0.3,26.3,843,3
STLO-2105209-615,3948,15,60.0,52.6,5.6,3.3,0.2,31.5,844,1
STLO-2105209-615,3949,90,140.0,53.4,5.2,2.6,0.2,31.6,845,2
STLO-2105227-133,1099,50,65.0,,,,0.2,,846,1
STLO-2105227-133,1100,84,99.0,,,,0.12,,847,2
STLO-2105227-133,1101,135,150.0,,,,0.12,,848,3
STLO-2105227-133,1102,184,199.0,,,,0.12,,849,4
STLO-2105227-133,1103,235,250.0,,,,0.25,,850,5
STLO-2105227-133,1104,284,299.0,,,,0.04,,851,6
STLO-2105227-133,1105,335,350.0,,,,0.12,,852,7
STLO-2105227-133,1106,384,399.0,,,,0.16,,853,8
STLO-2105227-133,1107,435,450.0,,,,0.61,,854,9
STLO-2105227-133,1108,484,499.0,,,,2.33,,855,10
STLO-2106226-126,3569,125,,54.1,4.7,1.3,0.2,32.4,856,1
STLO-2106226-126,3570,150,,53.5,4.7,1.3,0.2,33.0,857,2
