DNR Peat Inventory ID #,P_Sampnum,P_Top Depth (cm),P_Bottom Depth (cm),P_Btu/lb,P_Moisture Content (%),P_Ash Content (%),P_Volatiles (%),P_Fixed Carbon (%),P_Uniq_id,P_Depthnum
AITK-2204336-506,3343,35,50.0,8528.0,85.3,15.0,56.9,28.1,1,1
AITK-2204336-506,3344,85,100.0,8417.0,88.9,12.3,60.5,27.2,2,2
AITK-2204336-506,3345,135,150.0,9087.0,89.1,10.1,62.4,27.5,3,3
AITK-2204336-506,3346,185,200.0,7341.0,86.0,26.6,51.3,22.1,4,4
AITK-2204336-506,3347,235,250.0,6217.0,83.9,37.8,44.8,17.4,5,5
AITK-2204524-470,3269,35,50.0,8885.0,85.3,11.4,61.4,27.2,6,1
AITK-2204524-470,3270,85,100.0,8767.0,87.6,12.0,59.8,28.2,7,2
AITK-2204524-470,3271,135,150.0,9363.0,89.7,6.9,64.0,29.1,8,3
AITK-2204524-470,3272,185,200.0,8461.0,88.0,14.4,58.6,27.0,9,4
AITK-2204524-470,3273,215,230.0,5383.0,83.1,46.8,38.4,14.8,10,5
AITK-2204727-520,3320,35,50.0,7930.0,80.4,20.8,51.9,27.3,11,1
AITK-2204727-520,3321,85,100.0,8223.0,84.5,12.5,59.0,28.5,12,2
AITK-2204727-520,3322,135,150.0,7188.0,82.0,27.9,49.8,22.3,13,3
AITK-2204727-520,3323,185,200.0,8103.0,83.8,18.9,54.7,26.4,14,4
AITK-2204727-520,3324,235,250.0,6912.0,84.7,26.5,54.2,19.3,15,5
AITK-2204809-64,3228,35,50.0,9310.0,86.4,8.0,65.3,26.7,16,1
AITK-2204809-64,3229,85,100.0,8978.0,86.7,11.8,62.8,25.4,17,2
AITK-2204809-64,3230,150,165.0,6435.0,80.8,36.3,44.7,19.0,18,3
AITK-2204910-65,3221,35,50.0,8106.0,86.0,17.5,57.2,25.3,19,1
AITK-2204910-65,3222,85,100.0,8184.0,80.7,18.8,57.4,23.8,20,2
AITK-2204910-65,3223,135,150.0,8555.0,84.1,16.5,58.6,24.9,21,3
AITK-2204910-65,3224,185,200.0,7761.0,86.2,22.6,55.8,21.6,22,4
AITK-2204910-65,3225,235,250.0,7855.0,87.3,26.0,57.5,16.5,23,5
AITK-2205013-141,3183,35,50.0,9357.0,88.1,6.6,67.5,25.9,24,1
AITK-2205013-141,3184,85,100.0,9078.0,89.1,7.8,63.3,28.9,25,2
AITK-2205013-141,3185,135,150.0,8794.0,89.3,9.7,60.3,30.0,26,3
AITK-2205013-141,3186,200,215.0,6673.0,89.8,31.9,45.3,22.8,27,4
AITK-2205105-158,3179,35,50.0,9542.0,89.7,5.3,66.3,28.4,28,1
AITK-2205105-158,3180,85,100.0,9074.0,88.6,6.9,64.0,29.1,29,2
AITK-2205105-158,3181,135,150.0,9216.0,89.5,5.7,63.2,31.1,30,3
AITK-2205112-2,1338,35,50.0,8161.0,,,,,31,1
AITK-2205112-2,1339,84,99.0,7940.0,,,,,32,2
AITK-2205112-2,1340,135,150.0,7865.0,,,,,33,3
AITK-2205112-2,1341,184,199.0,7979.0,,,,,34,4
AITK-2205112-2,1342,235,250.0,8198.0,,,,,35,5
AITK-2205133-134,3204,35,50.0,9073.0,91.0,6.9,65.3,27.8,36,1
AITK-2205133-134,3205,85,100.0,8927.0,90.1,8.1,64.4,27.5,37,2
AITK-2205133-134,3206,135,150.0,8719.0,91.3,8.5,66.4,25.1,38,3
AITK-2205133-134,3207,185,200.0,8722.0,89.2,12.4,61.2,26.4,39,4
AITK-2205203-2,3094,35,50.0,8544.0,92.6,5.5,72.5,22.0,40,1
AITK-2205203-2,3095,85,100.0,8804.0,94.2,4.1,73.3,22.6,41,2
AITK-2205203-2,3096,135,150.0,9375.0,92.9,5.3,72.5,22.2,42,3
AITK-2205203-2,3097,185,200.0,9527.0,91.7,6.6,70.5,22.9,43,4
AITK-2205203-2,3098,235,250.0,9021.0,92.7,7.5,66.3,26.2,44,5
AITK-2205203-2,3099,285,300.0,9032.0,90.7,8.6,53.4,38.0,45,6
AITK-2205203-2,3100,335,350.0,7820.0,87.4,21.0,53.9,25.1,46,7
AITK-2205219-20,3175,35,50.0,8671.0,88.1,11.1,63.4,25.5,47,1
AITK-2205219-20,3176,85,100.0,8166.0,87.8,18.1,55.2,26.7,48,2
AITK-2205219-20,3177,130,145.0,6379.0,87.8,36.6,43.8,19.6,49,3
AITK-2205223-518,3137,35,50.0,8835.0,91.9,6.0,70.9,23.1,50,1
AITK-2205223-518,3138,85,100.0,9839.0,89.5,6.0,69.6,24.4,51,2
AITK-2205223-518,3139,135,150.0,9220.0,90.3,9.7,63.7,26.6,52,3
AITK-2304505-1,3349,35,50.0,8881.0,88.4,8.8,63.5,27.7,53,1
AITK-2304505-1,3350,85,100.0,9193.0,90.1,7.2,64.9,27.9,54,2
AITK-2304505-1,3351,135,150.0,8787.0,89.8,11.7,62.4,25.9,55,3
AITK-2304505-1,3352,185,200.0,8963.0,90.5,8.5,63.4,28.1,56,4
AITK-2304505-1,3353,235,250.0,8388.0,85.8,17.6,56.3,26.1,57,5
AITK-2304505-1,3354,280,295.0,8302.0,85.5,19.3,54.8,25.9,58,6
AITK-2304505-12,3361,35,50.0,9210.0,88.2,9.8,63.5,26.7,59,1
AITK-2304505-12,3362,85,100.0,8785.0,89.8,7.5,66.2,26.3,60,2
AITK-2304505-12,3363,135,150.0,8970.0,90.4,10.7,62.8,26.5,61,3
AITK-2304505-12,3364,185,200.0,8969.0,90.6,9.8,62.8,27.4,62,4
AITK-2304505-12,3365,235,250.0,8863.0,89.2,12.7,60.8,26.5,63,5
AITK-2304505-12,3366,285,300.0,8548.0,86.1,15.8,57.2,27.0,64,6
AITK-2304505-12,3367,350,365.0,3932.0,74.4,59.5,29.8,10.7,65,7
AITK-2304505-14,3369,35,50.0,9195.0,85.8,8.6,64.9,26.5,66,1
AITK-2304505-14,3370,85,100.0,9294.0,87.8,9.5,63.0,27.5,67,2
AITK-2304505-14,3371,135,150.0,9126.0,89.3,8.8,60.1,31.1,68,3
AITK-2304505-14,3372,205,220.0,8854.0,89.2,11.3,59.2,29.5,69,4
AITK-2304505-15,3374,35,50.0,9095.0,91.0,10.2,65.1,24.7,70,1
AITK-2304505-15,3375,85,100.0,9064.0,89.0,10.8,62.2,27.0,71,2
AITK-2304505-15,3376,135,150.0,8980.0,91.4,8.8,64.5,26.7,72,3
AITK-2304505-15,3377,185,200.0,8610.0,92.0,10.6,65.4,24.0,73,4
AITK-2304505-15,3378,235,250.0,9134.0,91.4,8.2,65.3,26.5,74,5
AITK-2304505-15,3379,285,300.0,8137.0,86.4,19.4,55.3,25.3,75,6
AITK-2304505-15,3380,330,345.0,7942.0,82.4,23.1,52.0,24.9,76,7
AITK-2304505-2,3356,35,50.0,8946.0,87.6,10.5,62.7,26.8,77,1
AITK-2304505-2,3357,85,100.0,8712.0,90.1,11.9,64.4,23.7,78,2
AITK-2304505-2,3358,135,150.0,9404.0,90.1,7.3,65.5,27.2,79,3
AITK-2304505-2,3359,165,180.0,7316.0,83.4,27.9,48.3,23.8,80,4
AITK-2304523-474,3275,35,50.0,9026.0,90.4,13.4,61.9,24.7,81,1
AITK-2304523-474,3276,85,100.0,9242.0,91.6,9.4,63.1,27.5,82,2
AITK-2304523-474,3277,135,150.0,8991.0,91.0,12.4,58.8,28.8,83,3
AITK-2304523-474,3278,185,200.0,8840.0,88.5,12.5,60.5,27.0,84,4
AITK-2304523-474,3280,200,330.0,8572.0,89.4,15.8,59.0,25.2,85,5
AITK-2304529-114,3305,35,50.0,7388.0,82.7,26.6,51.5,21.9,86,1
AITK-2304529-114,3306,85,100.0,7399.0,83.4,27.2,50.5,22.3,87,2
AITK-2304632-519,3288,35,50.0,,,,,,88,1
AITK-2304632-519,3289,85,100.0,9469.0,89.8,7.5,67.2,25.3,89,2
AITK-2304632-519,3290,135,150.0,9196.0,91.5,9.5,63.4,27.1,90,3
AITK-2304632-519,3291,185,200.0,8570.0,90.9,12.6,62.3,25.1,91,4
AITK-2304632-519,3292,250,265.0,8602.0,92.2,9.5,61.5,29.0,92,5
AITK-2304714-427,3262,35,50.0,9012.0,91.2,6.7,67.5,25.8,93,1
AITK-2304714-427,3263,85,100.0,9366.0,89.3,6.8,66.6,26.6,94,2
AITK-2304714-427,3264,135,150.0,9700.0,86.0,7.9,64.2,27.9,95,3
AITK-2304714-427,3265,185,200.0,9289.0,84.7,9.0,59.8,31.2,96,4
AITK-2304714-427,3266,235,250.0,8484.0,83.9,16.8,55.3,27.9,97,5
AITK-2304714-427,3267,285,300.0,2588.0,69.2,72.0,21.4,6.6,98,6
AITK-2304832-71,3232,35,50.0,7516.0,82.1,27.2,53.4,19.4,99,1
AITK-2304832-71,3233,85,100.0,6100.0,80.2,41.5,43.6,14.9,100,2
AITK-2304832-71,3234,125,140.0,6142.0,82.8,40.5,44.5,15.0,101,3
AITK-2304916-371,3198,35,50.0,8510.0,95.0,8.1,71.1,20.8,102,1
AITK-2304916-371,3199,85,100.0,8282.0,95.9,8.0,,,103,2
AITK-2304916-371,3200,135,150.0,8619.0,95.9,6.4,,,104,3
AITK-2304916-371,3201,185,200.0,9009.0,94.5,11.7,,,105,4
AITK-2304916-371,3202,235,250.0,9245.0,95.0,14.9,61.8,23.3,106,5
AITK-2304916-371,3203,285,300.0,8469.0,96.0,18.5,60.7,20.8,107,6
AITK-2404305-104,3337,35,50.0,8962.0,87.3,9.5,60.6,29.9,108,1
AITK-2404305-104,3338,85,100.0,9049.0,89.2,8.9,63.4,27.7,109,2
AITK-2404305-104,3339,135,150.0,9233.0,90.0,7.1,64.0,28.9,110,3
AITK-2404305-104,3340,185,200.0,9087.0,89.5,6.9,63.9,29.2,111,4
AITK-2404305-104,3341,240,255.0,8771.0,87.1,11.9,61.5,26.6,112,5
AITK-2404424-108,3299,35,50.0,8561.0,87.5,12.9,61.6,25.5,113,1
AITK-2404424-108,3300,85,100.0,9040.0,87.0,9.3,63.0,27.7,114,2
AITK-2404424-108,3301,135,150.0,9302.0,89.0,8.5,64.5,27.0,115,3
AITK-2404424-108,3302,185,200.0,8992.0,89.0,10.3,61.4,28.3,116,4
AITK-2404424-108,3303,220,235.0,9166.0,86.9,11.4,59.8,28.8,117,5
AITK-2404513-452,3282,35,50.0,8503.0,87.2,13.1,58.5,28.4,118,1
AITK-2404513-452,3283,85,100.0,8767.0,88.8,11.3,59.7,29.0,119,2
AITK-2404513-452,3284,135,150.0,9340.0,91.4,6.8,65.5,27.7,120,3
AITK-2404513-452,3285,185,200.0,8452.0,90.4,18.0,59.6,22.4,121,4
AITK-2404513-452,3286,235,250.0,6044.0,87.1,41.5,42.8,15.7,122,5
AITK-2404513-452,3287,285,300.0,3851.0,83.7,61.8,29.3,8.9,123,6
AITK-2404731-405,3236,35,50.0,9038.0,88.6,9.3,62.2,28.5,124,1
AITK-2404731-405,3237,85,100.0,9058.0,89.4,8.5,61.9,29.6,125,2
AITK-2404731-405,3238,135,150.0,8930.0,89.7,9.1,59.7,31.2,126,3
AITK-2404731-405,3239,185,200.0,9294.0,90.2,6.1,65.3,28.6,127,4
AITK-2404731-405,3240,235,250.0,7371.0,87.1,28.1,49.6,22.3,128,5
AITK-2404805-9,1435,35,50.0,7458.0,,,,,129,1
AITK-2404805-9,1436,85,100.0,8271.0,,,,,130,2
AITK-2404805-9,1437,135,150.0,8107.0,,,,,131,3
AITK-2404805-9,1438,185,200.0,7864.0,,,,,132,4
AITK-2404906-13,1690,35,50.0,7915.0,83.3,19.8,54.7,25.5,133,1
AITK-2404906-13,1691,85,100.0,8862.0,87.1,10.6,61.2,28.2,134,2
AITK-2404906-13,1692,160,175.0,4144.0,74.0,57.4,29.6,13.0,135,3
AITK-2405102-20,1589,35,50.0,7934.0,,3.9,79.9,16.2,136,1
AITK-2405102-20,1591,135,150.0,8175.0,,11.0,71.2,17.8,137,2
AITK-2405102-20,1593,207,222.0,5237.0,,37.6,53.2,9.2,138,3
AITK-2405120-56,3128,35,50.0,8890.0,84.5,9.0,63.1,27.9,139,1
AITK-2405120-56,3130,85,200.0,8720.0,83.6,14.3,59.1,26.6,140,2
AITK-2405209-6,3118,35,50.0,8665.0,85.9,10.8,62.1,27.1,141,1
AITK-2405209-6,3119,85,100.0,9165.0,87.2,8.2,62.7,29.1,142,2
AITK-2405209-6,3120,135,150.0,8507.0,83.8,15.5,58.0,26.5,143,3
AITK-2405209-6,3121,185,200.0,5131.0,73.0,48.6,38.1,13.3,144,4
AITK-2405209-6,5497,35,50.0,7581.0,,,,,145,5
AITK-2405209-6,5498,85,100.0,7661.0,,9.4,71.2,19.4,146,6
AITK-2405209-6,5499,135,150.0,7385.0,,18.1,65.4,16.5,147,7
AITK-2405209-6,5500,185,200.0,7452.0,,,,,148,8
AITK-2405216-8,1373,35,50.0,7502.0,,,,,149,1
AITK-2405216-8,1374,84,99.0,7881.0,,,,,150,2
AITK-2405216-8,1375,135,150.0,6447.0,,,,,151,3
AITK-2405216-8,1376,150,165.0,7934.0,,,,,152,4
AITK-2405226-2,1493,35,50.0,7897.0,,,,,153,1
AITK-2405226-2,1494,84,99.0,8195.0,,,,,154,2
AITK-2405226-2,1495,135,150.0,8440.0,,,,,155,3
AITK-2405226-2,1496,184,199.0,7409.0,,,,,156,4
AITK-2405226-2,1497,235,250.0,7812.0,,,,,157,5
AITK-2405226-2,1498,284,299.0,7593.0,,,,,158,6
AITK-2405226-2,1499,335,350.0,7314.0,,,,,159,7
AITK-2405226-2,1500,384,399.0,4839.0,,,,,160,8
AITK-2405226-2,1501,400,415.0,5966.0,,,,,161,9
AITK-2504502-360,3256,85,100.0,8566.0,89.0,13.1,58.1,28.8,162,1
AITK-2504502-360,3257,135,150.0,9126.0,94.1,6.2,64.4,29.4,163,2
AITK-2504502-360,3258,185,200.0,9205.0,94.3,8.3,64.2,27.5,164,3
AITK-2504502-360,3259,235,250.0,9393.0,95.6,6.4,67.7,25.9,165,4
AITK-2504502-360,3260,285,300.0,7761.0,93.6,23.2,59.5,17.3,166,5
AITK-2504502-360,3261,335,350.0,7078.0,93.2,29.9,55.2,14.9,167,6
AITK-2504635-100,3294,35,50.0,8584.0,86.4,16.2,59.0,24.8,168,1
AITK-2504635-100,3295,85,100.0,8746.0,85.2,15.5,57.6,26.9,169,2
AITK-2504635-100,3296,135,150.0,8002.0,87.6,20.6,52.3,27.1,170,3
AITK-2504635-100,3297,185,200.0,8502.0,87.4,15.5,54.9,29.6,171,4
AITK-2504635-100,3298,235,250.0,7995.0,83.0,23.3,49.9,26.8,172,5
AITK-2504811-330,3209,35,150.0,8963.0,86.9,11.1,61.3,27.6,173,1
AITK-2504819-365,3308,35,50.0,7722.0,76.2,15.1,58.3,26.6,174,1
AITK-2504819-365,3309,85,100.0,8032.0,76.9,16.4,58.2,25.4,175,2
AITK-2504819-365,3310,135,150.0,8936.0,84.8,10.3,60.9,28.8,176,3
AITK-2504819-365,3311,185,200.0,7732.0,76.1,20.0,53.7,26.3,177,4
AITK-2504819-365,3312,235,250.0,8235.0,78.5,17.0,55.6,27.4,178,5
AITK-2504819-365,3313,285,300.0,8054.0,82.7,22.2,55.9,21.9,179,6
AITK-2504819-365,3314,335,350.0,5284.0,78.4,45.6,42.6,11.8,180,7
AITK-2504936-14,1457,35,50.0,2482.0,,,,,181,1
AITK-2505005-1,3041,35,50.0,8499.0,87.6,9.5,64.1,26.4,182,1
AITK-2505005-1,3042,85,100.0,9654.0,87.9,5.8,64.9,29.3,183,2
AITK-2505005-1,3043,135,150.0,9455.0,88.9,5.0,66.2,28.8,184,3
AITK-2505005-1,3044,185,200.0,8636.0,89.2,9.3,61.2,29.5,185,4
AITK-2505005-2,3046,35,50.0,9159.0,86.3,8.2,66.1,25.7,186,1
AITK-2505005-2,3047,85,100.0,9673.0,88.2,6.5,66.4,27.1,187,2
AITK-2505005-2,3048,135,150.0,9246.0,88.7,8.0,63.6,28.4,188,3
AITK-2505006-3,3050,35,50.0,9457.0,87.9,7.5,68.4,24.1,189,1
AITK-2505006-3,3051,85,100.0,9760.0,89.5,6.3,65.7,28.0,190,2
AITK-2505006-3,3052,135,150.0,9468.0,91.4,4.7,65.9,29.4,191,3
AITK-2505006-3,3053,185,200.0,9072.0,89.5,8.9,63.0,28.1,192,4
AITK-2505006-3,3054,235,250.0,9314.0,88.4,8.7,60.4,30.9,193,5
AITK-2505006-5,3062,35,50.0,8450.0,90.8,4.4,70.3,25.3,194,1
AITK-2505006-5,3063,85,100.0,8325.0,92.5,3.3,74.2,22.5,195,2
AITK-2505006-5,3064,135,150.0,8985.0,92.0,3.6,74.3,22.1,196,3
AITK-2505006-5,3065,185,200.0,9369.0,89.5,4.4,66.6,29.0,197,4
AITK-2505006-5,3066,235,250.0,8813.0,87.6,10.1,62.4,27.5,198,5
AITK-2505006-5,3067,285,300.0,9188.0,87.7,7.9,63.7,28.4,199,6
AITK-2505007-44,3140,35,50.0,8735.0,88.4,6.8,67.0,26.2,200,1
AITK-2505007-44,3141,85,100.0,9156.0,89.0,6.2,66.3,27.5,201,2
AITK-2505007-44,3142,135,150.0,8317.0,87.9,13.9,58.9,27.2,202,3
AITK-2505008-225,3144,35,50.0,8736.0,90.1,4.3,70.0,25.7,203,1
AITK-2505008-225,3145,85,100.0,8873.0,90.2,6.3,66.5,27.2,204,2
AITK-2505008-225,3146,135,150.0,9224.0,91.0,4.4,69.1,26.5,205,3
AITK-2505008-225,3147,185,200.0,9428.0,88.4,6.5,66.6,26.9,206,4
AITK-2505008-225,3148,235,250.0,9140.0,87.3,8.6,66.1,25.3,207,5
AITK-2505008-225,3149,250,330.0,8719.0,87.4,13.0,59.0,28.0,208,6
AITK-2505010-260,3188,35,50.0,8769.0,84.2,12.0,60.8,27.2,209,1
AITK-2505010-260,3189,85,100.0,8703.0,86.9,12.5,58.0,29.5,210,2
AITK-2505010-260,3190,135,150.0,9031.0,86.7,10.5,61.7,27.8,211,3
AITK-2505010-260,3191,185,200.0,8048.0,82.8,20.3,55.4,24.3,212,4
AITK-2505010-260,3192,250,265.0,5978.0,76.6,38.4,44.6,17.0,213,5
AITK-2505215-39,3102,35,50.0,9192.0,87.0,6.8,67.1,26.1,214,1
AITK-2505215-39,3103,85,100.0,9558.0,88.3,6.3,67.6,26.1,215,2
AITK-2505215-39,3104,135,150.0,9251.0,88.7,7.7,65.7,26.6,216,3
AITK-2505215-39,3105,185,200.0,9444.0,87.7,7.0,66.6,26.4,217,4
AITK-2505215-39,3106,235,250.0,9349.0,87.9,7.3,64.1,28.6,218,5
AITK-2505215-39,3107,285,300.0,9455.0,87.8,8.2,65.3,26.5,219,6
AITK-2505215-39,3108,315,330.0,9086.0,87.8,11.2,64.9,23.9,220,7
AITK-2505232-189,3133,35,50.0,6016.0,72.4,36.5,44.1,19.4,221,1
AITK-2505232-189,3134,85,100.0,8039.0,80.7,22.5,55.0,22.5,222,2
AITK-2505232-189,3135,135,150.0,5339.0,78.2,45.2,42.1,12.7,223,3
AITK-2505235-175,3124,0,100.0,8646.0,78.3,12.0,60.9,27.1,224,1
AITK-2505235-175,3126,100,220.0,6735.0,79.0,34.4,47.2,18.4,225,2
AITK-2604722-322,3246,35,50.0,8717.0,87.5,8.4,63.7,27.9,226,1
AITK-2604722-322,3247,85,100.0,8813.0,88.2,9.5,62.2,28.3,227,2
AITK-2604722-322,3248,135,150.0,9039.0,89.3,8.1,64.0,27.9,228,3
AITK-2604722-322,3249,185,200.0,8950.0,89.6,8.8,64.5,26.7,229,4
AITK-2604722-322,3250,235,250.0,9327.0,89.1,6.9,65.5,27.6,230,5
AITK-2604722-322,3251,285,300.0,8812.0,87.7,14.8,58.6,26.6,231,6
AITK-2604722-322,3252,335,350.0,7686.0,86.0,24.7,51.3,24.0,232,7
AITK-2604722-322,3253,385,400.0,6253.0,82.0,39.1,41.7,19.2,233,8
AITK-2604722-322,3254,440,455.0,4464.0,78.7,55.5,32.0,12.5,234,9
AITK-2604723-324,3242,35,50.0,8259.0,81.2,9.7,62.9,27.4,235,1
AITK-2604723-324,3243,85,100.0,8162.0,83.8,9.8,61.2,29.0,236,2
AITK-2604723-324,3244,135,150.0,8816.0,85.6,11.6,60.6,27.8,237,3
AITK-2604931-60,3220,35,85.0,9055.0,80.9,10.2,64.7,25.1,238,1
AITK-2605011-43,3150,35,50.0,9280.0,84.6,8.5,63.4,28.1,239,1
AITK-2605011-43,3151,85,100.0,9224.0,88.9,7.2,62.8,30.0,240,2
AITK-2605011-43,3152,135,150.0,8477.0,86.9,15.2,57.9,26.9,241,3
AITK-2605011-43,3153,185,200.0,8947.0,86.0,10.7,61.6,27.7,242,4
AITK-2605011-43,3154,215,230.0,3448.0,71.8,64.9,27.6,7.5,243,5
AITK-2605020-38,3156,35,50.0,9208.0,90.0,6.0,68.5,25.5,244,1
AITK-2605020-38,3157,85,100.0,9332.0,91.3,5.8,70.2,24.0,245,2
AITK-2605020-38,3158,135,150.0,9389.0,90.5,5.6,70.1,24.3,246,3
AITK-2605020-38,3159,185,200.0,9404.0,91.7,5.6,70.0,24.4,247,4
AITK-2605020-38,3160,235,250.0,9214.0,92.0,5.3,71.1,23.6,248,5
AITK-2605020-38,3161,285,300.0,9179.0,92.1,5.2,73.0,21.8,249,6
AITK-2605020-38,3162,335,350.0,8772.0,92.4,13.6,65.4,21.0,250,7
AITK-2605020-38,3163,385,400.0,8401.0,90.7,20.4,61.0,18.6,251,8
AITK-2704510-97,3326,35,50.0,9141.0,85.3,9.9,64.3,25.8,252,1
AITK-2704510-97,3327,85,100.0,9331.0,91.3,7.5,63.8,28.7,253,2
AITK-2704510-97,3328,135,150.0,9284.0,90.0,6.4,66.6,27.0,254,3
AITK-2704510-97,3329,185,200.0,9548.0,92.5,9.1,66.0,24.9,255,4
AITK-2704510-97,3330,235,250.0,9143.0,91.8,14.1,63.8,22.1,256,5
AITK-2704510-97,3331,285,300.0,7943.0,90.0,24.3,55.1,20.6,257,6
AITK-2704510-97,3332,335,350.0,7668.0,88.1,27.5,52.9,19.6,258,7
AITK-2704510-97,3333,385,400.0,7867.0,87.4,26.3,53.9,19.8,259,8
AITK-2704510-97,3334,435,450.0,7276.0,90.2,27.4,58.2,14.4,260,9
AITK-2704510-97,3335,485,500.0,7237.0,90.8,28.3,53.3,18.4,261,10
AITK-2704814-297,3212,35,50.0,8920.0,88.1,9.1,61.9,29.0,262,1
AITK-2704814-297,3213,85,100.0,8919.0,90.1,8.4,66.7,24.9,263,2
AITK-2704814-297,3214,135,150.0,8947.0,90.3,9.0,65.0,26.0,264,3
AITK-2704814-297,3215,185,200.0,9017.0,88.5,9.8,62.5,27.7,265,4
AITK-2704814-297,3216,235,250.0,9187.0,89.2,10.0,61.7,28.3,266,5
AITK-2704814-297,3217,285,300.0,8814.0,90.3,16.8,58.0,25.2,267,6
AITK-2704814-297,3218,335,350.0,6631.0,83.3,37.5,47.1,15.4,268,7
AITK-2705023-243,3170,35,50.0,8571.0,86.6,8.5,68.0,23.5,269,1
AITK-2705023-243,3171,85,100.0,8776.0,90.9,5.0,69.2,25.8,270,2
AITK-2705023-243,3172,135,150.0,9677.0,87.0,6.2,69.9,23.9,271,3
AITK-2705023-243,3173,185,200.0,9033.0,88.0,11.1,61.5,27.4,272,4
AITK-2705215-208,3109,35,50.0,8690.0,91.1,6.1,69.6,24.3,273,1
AITK-2705215-208,3110,85,100.0,9023.0,92.5,4.4,72.3,23.3,274,2
AITK-2705215-208,3111,135,150.0,9146.0,92.5,3.8,72.2,24.0,275,3
AITK-2705215-208,3112,185,200.0,9093.0,92.4,3.5,71.8,24.7,276,4
AITK-2705215-208,3113,235,250.0,9094.0,91.2,5.9,68.9,25.2,277,5
AITK-2705215-208,3114,285,300.0,9128.0,90.4,7.0,67.1,25.9,278,6
AITK-2705215-208,3115,335,350.0,8471.0,88.7,16.7,58.3,25.0,279,7
AITK-2705215-208,3116,380,395.0,8914.0,88.0,12.7,58.6,28.7,280,8
BELT-3015618-528,3475,75,100.0,9054.0,90.3,6.4,65.0,28.6,281,1
BELT-3015618-528,3476,110,150.0,8753.0,89.7,9.5,61.9,28.6,282,2
BELT-3215501-354,3498,50,120.0,7460.0,97.8,9.4,70.5,20.1,283,1
BELT-3215501-354,3499,150,315.0,8997.0,93.4,6.0,67.0,27.0,284,2
BELT-3215513-527,3500,50,100.0,8648.0,92.0,4.5,68.0,27.5,285,1
BELT-3215513-527,3501,150,200.0,8781.0,93.6,4.2,66.8,29.0,286,2
BELT-3215514-328,3494,50,100.0,8502.0,91.0,5.4,68.9,25.7,287,1
BELT-3215514-328,3495,100,270.0,8479.0,93.4,3.7,69.9,26.4,288,2
BELT-3215514-328,3496,270,360.0,8265.0,94.3,4.8,70.4,24.8,289,3
BELT-3215514-328,3497,360,400.0,8220.0,90.1,15.7,58.7,25.6,290,4
BELT-3215625-346,3502,60,90.0,8470.0,90.9,8.2,65.5,26.3,291,1
BELT-3215625-346,3503,100,270.0,9065.0,92.9,5.3,65.0,29.7,292,2
BELT-3215625-346,3504,360,390.0,8561.0,87.3,14.1,58.9,27.0,293,3
BELT-3215633-380,3466,0,60.0,8140.0,95.1,6.7,69.1,24.2,294,1
BELT-3215633-380,3467,100,200.0,8871.0,92.7,4.8,69.1,26.1,295,2
BELT-3215633-380,3468,210,300.0,9140.0,92.7,5.6,65.0,29.4,296,3
BELT-3215633-380,3469,300,345.0,9039.0,91.2,7.7,65.4,26.9,297,4
BELT-3315504-525,3463,0,140.0,9086.0,94.5,5.9,65.5,28.6,298,1
BELT-3315504-525,3464,140,230.0,9143.0,92.6,7.6,65.6,26.8,299,2
BELT-3315524-376,3478,50,90.0,8412.0,85.3,11.4,61.5,27.1,300,1
BELT-3315624-529,3490,70,120.0,9129.0,92.7,5.2,64.6,30.2,301,1
BELT-3315624-529,3491,125,175.0,9411.0,93.2,5.5,66.7,27.8,302,2
BELT-3315624-529,3492,210,225.0,8818.0,90.3,11.5,62.9,25.6,303,3
BELT-3515501-526,3465,90,140.0,9282.0,90.1,5.5,65.8,28.7,304,1
CARL-1904801-244,3530,230,245.0,8706.0,86.9,13.1,59.5,27.4,305,1
CARL-1904831-220,3524,40,55.0,8583.0,90.5,8.6,65.7,25.7,306,1
CARL-1904831-220,3525,135,150.0,8891.0,91.4,5.1,67.9,27.0,307,2
CARL-1904928-585,3930,50,80.0,8403.0,85.4,14.9,61.2,23.9,308,1
CARL-1904929-193,3516,20,70.0,8551.0,85.0,10.9,65.1,24.0,309,1
CARL-1904929-193,3517,190,240.0,9288.0,86.9,8.1,63.2,28.7,310,2
CARL-2004919-A500-40,3937,180,230.0,9179.0,90.8,6.3,66.1,27.6,311,1
CARL-2004919-A500-40,3938,300,350.0,9337.0,88.5,8.4,63.0,28.6,312,2
CARL-2104822-182,3510,200,250.0,8528.0,89.3,9.7,62.1,28.2,313,1
CARL-2104836-279,3523,150,175.0,8686.0,92.9,5.6,66.2,28.2,314,1
CARL-2104912-134,3606,40,55.0,9231.0,86.0,6.1,66.0,27.9,315,1
CARL-2104912-134,3607,135,150.0,9650.0,86.9,4.6,66.4,29.0,316,2
CARL-2104924-612,3939,0,50.0,8321.0,90.5,6.4,66.6,27.0,317,1
CARL-2104924-612,3941,100,150.0,8408.0,92.0,8.1,64.8,27.1,318,2
CARL-2104924-612,3943,195,245.0,9135.0,89.4,7.7,64.0,28.3,319,3
CHIS-2103510-4,3931,0,45.0,7371.0,67.4,17.6,58.2,24.2,320,1
CHIS-2103510-4,3932,60,91.0,8508.0,81.8,11.1,59.6,29.3,321,2
CHIS-2103515-17,3934,10,65.0,7991.0,76.8,15.9,56.5,27.6,322,1
CHIS-2103515-20,3935,13,50.0,7081.0,72.0,18.9,56.6,24.5,323,1
CHIS-2103515-20,3936,50,100.0,7952.0,79.0,14.9,57.1,28.0,324,2
ITAS-2306031-36,3541,85,100.0,8974.0,86.6,7.6,65.5,26.9,325,1
ITAS-2306223-228,3573,60,100.0,8681.0,87.1,9.4,61.2,29.4,326,1
ITAS-2306223-228,3574,110,140.0,8365.0,84.9,12.3,60.4,27.3,327,2
ITAS-2306223-228,3575,160,180.0,8527.0,86.6,10.8,63.0,26.2,328,3
ITAS-2406118-31,3535,120,135.0,9011.0,89.8,6.4,64.9,28.7,329,1
ITAS-2406118-31,3536,270,285.0,9069.0,89.9,7.7,64.3,28.0,330,2
ITAS-2706112-23,3533,110,125.0,9075.0,88.5,7.0,66.5,26.5,331,1
KOOC-2206709-631,3069,35,50.0,8325.0,87.6,10.5,64.1,25.4,332,1
KOOC-2206709-631,3070,85,100.0,8724.0,86.5,7.7,63.6,28.7,333,2
KOOC-2206709-631,3071,135,150.0,8684.0,86.7,8.3,62.1,29.6,334,3
KOOC-2206709-631,3072,185,200.0,8443.0,83.4,11.3,57.6,31.1,335,4
KOOC-2206709-631,3073,235,250.0,8609.0,84.4,13.3,59.7,27.0,336,5
KOOC-2206709-631,3074,285,300.0,8091.0,82.9,15.4,57.1,27.5,337,6
KOOC-2206709-631,3075,335,350.0,8870.0,85.1,10.5,61.4,28.1,338,7
KOOC-2206709-631,3076,385,400.0,8582.0,83.8,15.2,60.2,24.6,339,8
KOOC-2206709-631,3077,435,450.0,8395.0,83.4,16.7,58.6,24.7,340,9
KOOC-2206905-27,2934,35,200.0,8921.0,93.1,5.5,59.4,35.1,341,1
KOOC-2206905-27,2938,235,400.0,9108.0,91.5,7.5,70.0,22.5,342,2
KOOC-2206905-27,2942,435,550.0,8736.0,87.4,11.9,60.4,27.7,343,3
KOOC-2206908-2,2896,35,50.0,8918.0,93.4,7.5,68.7,23.8,344,1
KOOC-2206908-2,2897,85,100.0,9151.0,91.1,5.8,64.8,29.4,345,2
KOOC-2206908-2,2898,135,150.0,9354.0,92.7,4.4,66.1,29.5,346,3
KOOC-2206908-2,2899,185,200.0,9256.0,92.3,5.8,65.1,29.1,347,4
KOOC-2206908-2,2900,235,250.0,9383.0,91.8,5.2,66.7,28.1,348,5
KOOC-2206908-2,2901,285,300.0,9097.0,91.1,7.5,62.8,29.7,349,6
KOOC-2206908-2,2902,335,350.0,8808.0,89.2,8.4,60.6,31.0,350,7
KOOC-2206908-2,2903,385,400.0,9105.0,89.5,7.4,61.0,31.6,351,8
KOOC-2206908-2,2904,435,450.0,8921.0,89.2,9.8,60.3,29.9,352,9
KOOC-2206908-2,2905,485,500.0,9057.0,89.2,7.9,62.2,29.9,353,10
KOOC-2206908-2,2906,535,550.0,8608.0,89.2,14.2,58.0,27.8,354,11
KOOC-2206908-2,2907,585,600.0,6521.0,83.6,34.0,46.6,19.4,355,12
KOOC-2206909-4,2909,35,50.0,8820.0,93.1,6.1,71.9,22.0,356,1
KOOC-2206909-4,2910,85,100.0,8989.0,93.6,5.8,68.8,25.4,357,2
KOOC-2206909-4,2911,135,150.0,8926.0,92.9,3.0,71.5,25.5,358,3
KOOC-2206909-4,2912,185,200.0,9433.0,92.5,3.8,68.1,28.1,359,4
KOOC-2206909-4,2913,235,250.0,9422.0,92.3,5.2,67.0,27.8,360,5
KOOC-2206909-4,2914,285,300.0,9314.0,94.4,4.1,66.8,29.1,361,6
KOOC-2206909-4,2915,335,350.0,8853.0,90.8,5.6,63.7,30.7,362,7
KOOC-2206909-4,2916,385,400.0,9373.0,92.0,4.7,65.2,30.1,363,8
KOOC-2206909-4,2917,435,450.0,9454.0,92.1,5.4,63.4,31.2,364,9
KOOC-2206909-4,2918,485,500.0,9402.0,91.9,5.4,65.4,29.2,365,10
KOOC-2206909-4,2919,535,550.0,9268.0,91.5,5.9,63.5,30.6,366,11
KOOC-2206909-4,2920,585,600.0,9225.0,90.2,6.7,65.6,27.7,367,12
KOOC-2206909-4,2921,635,650.0,9267.0,90.2,7.5,65.7,26.8,368,13
KOOC-2206910-6,2923,35,50.0,8230.0,90.4,9.1,60.8,30.1,369,1
KOOC-2206910-6,2924,85,100.0,8490.0,92.4,6.9,61.3,31.8,370,2
KOOC-2206910-6,2925,135,150.0,8932.0,91.1,6.1,61.9,32.0,371,3
KOOC-2206910-6,2926,185,200.0,9202.0,91.8,5.3,64.3,30.4,372,4
KOOC-2206910-6,2927,235,250.0,8990.0,91.7,5.7,65.3,29.0,373,5
KOOC-2206910-6,2928,285,300.0,9050.0,89.8,5.8,64.4,29.8,374,6
KOOC-2206910-6,2929,335,350.0,9150.0,90.3,5.4,63.8,30.8,375,7
KOOC-2206910-6,2930,385,400.0,8941.0,88.4,6.4,61.1,32.5,376,8
KOOC-2206910-6,2931,435,450.0,9001.0,88.0,9.6,60.8,29.6,377,9
KOOC-2206910-6,2932,485,500.0,8430.0,83.2,14.4,59.9,25.7,378,10
KOOC-2207032-13,2946,35,50.0,8636.0,90.1,9.1,65.7,25.2,379,1
KOOC-2207032-13,2947,85,100.0,8908.0,88.6,7.0,63.3,29.7,380,2
KOOC-2207032-13,2948,135,150.0,8650.0,84.6,8.3,61.5,30.2,381,3
KOOC-2207032-13,2949,185,200.0,8719.0,85.9,8.8,61.4,29.8,382,4
KOOC-2207032-13,2950,235,250.0,8581.0,84.3,9.9,60.0,30.1,383,5
KOOC-2306317-648,3080,35,50.0,8858.0,86.6,6.5,65.5,28.0,384,1
KOOC-2306317-648,3081,85,100.0,8954.0,86.6,7.2,63.0,29.8,385,2
KOOC-2306317-648,3082,135,150.0,8489.0,84.0,12.1,57.1,30.8,386,3
KOOC-2306317-648,3083,185,200.0,8729.0,81.8,12.8,55.3,31.9,387,4
KOOC-2306317-648,3084,205,220.0,7291.0,76.4,27.5,47.3,25.2,388,5
KOOC-2307006-1A,1387,35,50.0,7800.0,,5.7,73.2,21.1,389,1
KOOC-2307006-1A,1388,85,100.0,7709.0,,5.6,71.7,22.8,390,2
KOOC-2307006-1A,1389,135,150.0,7267.0,,10.1,68.2,21.7,391,3
KOOC-2307006-1A,1390,185,200.0,7388.0,,8.5,70.6,21.0,392,4
KOOC-2307006-1A,1391,225,240.0,7676.0,,10.1,70.4,19.4,393,5
KOOC-2406318-652,3086,35,50.0,8727.0,86.6,7.8,57.5,34.7,394,1
KOOC-2406318-652,3087,85,100.0,8259.0,84.6,11.9,52.4,35.7,395,2
KOOC-2406318-652,3088,135,150.0,8453.0,83.7,13.7,58.4,27.9,396,3
KOOC-2406328-655,3090,35,50.0,8881.0,92.2,7.6,68.1,24.3,397,1
KOOC-2406328-655,3091,85,100.0,9052.0,87.3,7.0,61.7,31.3,398,2
KOOC-2406328-655,3092,135,150.0,8125.0,83.1,20.2,55.2,24.6,399,3
KOOC-2506914-N-19,4601,32,47.0,8483.0,,,,,400,1
KOOC-2506914-N-19,4603,80,95.0,8708.0,,,,,401,2
KOOC-2506914-N-19,4604,130,145.0,8536.0,,,,,402,3
KOOC-2506914-N-19,4605,180,195.0,8444.0,,,,,403,4
KOOC-2506915-N-11,4540,30,45.0,8220.0,,,,,404,1
KOOC-2506915-N-11,4541,80,95.0,8038.0,,,,,405,2
KOOC-2506915-N-11,4543,120,135.0,8153.0,,,,,406,3
KOOC-2506915-N-11,4544,165,180.0,8011.0,,,,,407,4
KOOC-2506916-N-29,4637,33,47.0,8030.0,,,,,408,1
KOOC-2506916-N-29,4638,80,95.0,8256.0,,,,,409,2
KOOC-2506916-N-29,4639,120,135.0,8656.0,,,,,410,3
KOOC-2506916-N-29,4640,160,175.0,7953.0,,,,,411,4
KOOC-2606713-37,5164,35,50.0,8520.0,92.0,8.3,68.8,22.9,412,1
KOOC-2606713-37,5165,85,100.0,9056.0,88.2,6.0,65.6,28.4,413,2
KOOC-2606713-37,5166,135,150.0,9271.0,87.3,5.7,64.5,29.8,414,3
KOOC-2606713-37,5167,185,200.0,9088.0,87.2,7.7,62.7,29.6,415,4
KOOC-2606713-37,5168,235,250.0,8989.0,84.8,9.1,60.0,30.9,416,5
KOOC-2606713-37,5169,285,300.0,8985.0,83.9,10.6,59.9,29.5,417,6
KOOC-2606713-37,5170,335,350.0,8915.0,82.3,12.8,59.6,27.6,418,7
KOOC-2606713-37,5171,385,400.0,8740.0,82.6,15.0,59.0,26.0,419,8
KOOC-2606714-29,5172,35,50.0,8804.0,91.5,3.5,71.9,24.6,420,1
KOOC-2606714-29,5173,85,100.0,8146.0,93.9,3.0,77.4,19.6,421,2
KOOC-2606714-29,5174,135,150.0,8672.0,93.1,3.8,74.6,21.6,422,3
KOOC-2606714-29,5175,185,200.0,9568.0,93.1,5.4,72.0,22.6,423,4
KOOC-2606714-29,5176,235,250.0,9488.0,90.8,8.2,67.3,24.5,424,5
KOOC-2606714-29,5177,285,300.0,7730.0,92.5,18.6,57.6,23.8,425,6
KOOC-2606715-26,5178,35,50.0,7720.0,92.5,6.1,71.8,22.1,426,1
KOOC-2606715-26,5179,85,100.0,7976.0,93.7,4.4,71.9,23.7,427,2
KOOC-2606715-26,5180,135,150.0,8198.0,93.4,5.3,68.9,25.8,428,3
KOOC-2606715-26,5181,185,200.0,9323.0,91.2,7.1,65.3,27.6,429,4
KOOC-2606715-26,5182,235,250.0,8927.0,93.1,7.1,64.3,28.6,430,5
KOOC-2606715-26,5183,285,300.0,8389.0,89.4,5.2,64.4,30.4,431,6
KOOC-2606715-26,5184,335,350.0,8166.0,86.8,8.6,63.6,27.8,432,7
KOOC-2606715-32,5185,35,50.0,9152.0,91.7,5.4,68.9,25.7,433,1
KOOC-2606715-32,5186,85,100.0,9491.0,92.8,4.8,69.5,25.7,434,2
KOOC-2606715-32,5187,135,150.0,9109.0,90.7,4.7,69.2,26.1,435,3
KOOC-2606715-32,5188,185,200.0,9356.0,93.3,5.0,69.4,25.6,436,4
KOOC-2606717-14,5189,35,50.0,8868.0,92.1,5.5,70.4,24.1,437,1
KOOC-2606717-14,5190,85,100.0,9283.0,88.0,6.5,63.7,29.8,438,2
KOOC-2606717-14,5191,135,150.0,9365.0,88.8,5.8,63.4,30.8,439,3
KOOC-2606717-14,5192,185,200.0,9330.0,90.2,6.9,63.4,29.7,440,4
KOOC-2606717-14,5193,235,250.0,9124.0,89.3,9.0,63.1,27.9,441,5
KOOC-2606718-13,5194,35,50.0,9217.0,85.7,8.1,62.9,29.0,442,1
KOOC-2606718-13,5195,85,100.0,9067.0,88.1,8.3,64.3,27.4,443,2
KOOC-2606718-13,5196,135,150.0,8925.0,90.1,7.5,63.8,28.7,444,3
KOOC-2606718-13,5197,185,200.0,9278.0,86.8,7.6,63.7,28.7,445,4
KOOC-2606718-13,5198,235,250.0,9236.0,85.4,9.9,60.6,29.5,446,5
KOOC-2606718-13,5199,285,300.0,8458.0,84.7,15.5,57.8,26.7,447,6
KOOC-2606723-42,66,35,50.0,8014.0,,5.4,77.3,17.4,448,1
KOOC-2606723-42,67,135,150.0,8581.0,,6.4,71.2,22.4,449,2
KOOC-2606732-23,28,35,50.0,8450.0,,8.7,49.8,41.5,450,1
KOOC-2606732-23,29,135,150.0,8141.0,,10.1,67.8,22.0,451,2
KOOC-2606732-23,30,195,210.0,7904.0,,15.3,68.3,16.4,452,3
KOOC-2606902-L-10,4646,33,48.0,8170.0,,,,,453,1
KOOC-2606902-L-10,4647,75,90.0,8106.0,,,,,454,2
KOOC-2606902-L-10,4648,125,140.0,8426.0,,,,,455,3
KOOC-2606902-L-10,4649,180,195.0,7598.0,,,,,456,4
KOOC-2606903-A-1800-1400,4738,18,33.0,8340.0,,,,,457,1
KOOC-2606903-A-1800-1400,4739,33,48.0,8788.0,,,,,458,2
KOOC-2606903-A-1800-1400,4740,52,67.0,8495.0,,,,,459,3
KOOC-2606903-A-1800-1400,4741,67,82.0,8375.0,,,,,460,4
KOOC-2606903-A-1800-1400,4742,82,97.0,8315.0,,,,,461,5
KOOC-2606903-A-1800-1400,4743,102,117.0,7985.0,,,,,462,6
KOOC-2606903-A-1800-1400,4744,117,132.0,8544.0,,,,,463,7
KOOC-2606903-A-1800-1400,4745,132,147.0,8805.0,,,,,464,8
KOOC-2606911-A0-2200,4722,0,15.0,7517.0,,,,,465,1
KOOC-2606911-A0-2200,4723,15,30.0,7805.0,,,,,466,2
KOOC-2606911-A0-2200,4724,30,45.0,8074.0,,,,,467,3
KOOC-2606911-A0-2200,4725,45,60.0,8125.0,,,,,468,4
KOOC-2606911-A0-2200,4726,60,75.0,8289.0,,,,,469,5
KOOC-2606911-A0-2200,4727,75,90.0,8516.0,,,,,470,6
KOOC-2606911-A0-2200,4728,90,105.0,8413.0,,,,,471,7
KOOC-2606911-A0-2200,4729,105,120.0,7205.0,,,,,472,8
KOOC-2606911-A0-2200,4730,120,135.0,7903.0,,,,,473,9
KOOC-2606911-A0-2200,4731,135,150.0,7801.0,,,,,474,10
KOOC-2606911-A0-2200,4732,150,165.0,7578.0,,,,,475,11
KOOC-2606911-A0-2200,4733,165,180.0,8120.0,,,,,476,12
KOOC-2606911-A0-2200,4734,180,195.0,7825.0,,,,,477,13
KOOC-2606911-L-2,4614,50,65.0,7984.0,,,,,478,1
KOOC-2606911-L-2,4615,125,140.0,8776.0,,,,,479,2
KOOC-2606911-L-2,4616,165,180.0,8658.0,,,,,480,3
KOOC-2615419-13,2987,35,50.0,9328.0,85.1,9.2,63.6,27.2,481,1
KOOC-2615419-13,2988,85,100.0,9401.0,88.7,5.2,63.6,31.2,482,2
KOOC-2615419-13,2989,135,150.0,9489.0,89.2,5.7,66.5,27.8,483,3
KOOC-2615419-13,2990,185,200.0,9287.0,88.7,7.1,64.0,28.9,484,4
KOOC-2615802-6,2835,35,50.0,8992.0,91.9,9.6,65.3,25.1,485,1
KOOC-2615802-6,2836,85,100.0,9280.0,91.8,6.3,67.0,26.7,486,2
KOOC-2615802-6,2837,135,150.0,9032.0,94.7,8.7,65.5,25.8,487,3
KOOC-2615802-6,2838,185,200.0,9601.0,92.5,5.4,67.8,26.8,488,4
KOOC-2615802-6,2839,235,250.0,9596.0,92.9,5.4,67.7,26.9,489,5
KOOC-2615802-6,2840,285,300.0,9526.0,92.3,6.9,65.5,27.6,490,6
KOOC-2615803-4,2821,35,50.0,8584.0,93.4,8.9,67.5,23.6,491,1
KOOC-2615803-4,2822,85,100.0,8487.0,92.9,10.9,64.5,24.6,492,2
KOOC-2615803-4,2823,135,150.0,9398.0,90.9,5.8,64.1,30.1,493,3
KOOC-2615803-4,2824,185,200.0,9326.0,91.5,6.6,64.1,29.3,494,4
KOOC-2615803-4,2825,235,250.0,9381.0,89.8,6.7,63.8,29.5,495,5
KOOC-2615803-4,2826,285,300.0,9429.0,90.0,7.3,63.7,29.0,496,6
KOOC-2615807-9,2855,35,50.0,9231.0,90.2,7.9,64.0,28.1,497,1
KOOC-2615807-9,2856,85,100.0,9190.0,91.4,6.2,63.2,30.6,498,2
KOOC-2615807-9,2857,135,150.0,9276.0,90.2,6.6,61.9,31.5,499,3
KOOC-2615807-9,2858,185,200.0,9355.0,89.1,5.9,63.7,30.4,500,4
KOOC-2615807-9,2859,235,250.0,9094.0,87.2,9.3,61.7,29.0,501,5
KOOC-2615807-9,2860,285,300.0,9085.0,86.6,12.1,60.6,27.3,502,6
KOOC-2615808-8,2848,35,50.0,9110.0,90.3,8.2,67.1,24.7,503,1
KOOC-2615808-8,2849,85,100.0,9348.0,92.0,6.9,66.6,26.6,504,2
KOOC-2615808-8,2850,135,150.0,9568.0,91.9,5.2,68.0,26.8,505,3
KOOC-2615808-8,2851,185,200.0,9562.0,92.1,5.6,65.7,28.7,506,4
KOOC-2615808-8,2852,235,250.0,9501.0,91.8,5.1,66.7,28.2,507,5
KOOC-2615808-8,2853,285,300.0,9296.0,90.6,6.3,64.6,29.1,508,6
KOOC-2615808-8,2854,335,350.0,8922.0,87.9,12.6,60.3,27.1,509,7
KOOC-2615809-7,2842,35,50.0,9093.0,94.9,7.8,67.7,24.5,510,1
KOOC-2615809-7,2843,85,100.0,9251.0,93.3,6.8,69.1,24.1,511,2
KOOC-2615809-7,2844,135,150.0,9450.0,92.5,5.7,67.2,27.1,512,3
KOOC-2615809-7,2845,185,200.0,9512.0,92.2,5.5,66.7,27.8,513,4
KOOC-2615809-7,2846,235,250.0,9584.0,92.2,5.9,64.9,29.2,514,5
KOOC-2615809-7,2847,285,300.0,9551.0,91.8,6.9,64.5,28.6,515,6
KOOC-2615810-2,2809,85,100.0,8620.0,90.5,12.1,63.4,24.5,516,1
KOOC-2615810-2,2810,135,150.0,9187.0,93.1,6.5,66.2,27.3,517,2
KOOC-2615810-2,2811,185,200.0,8984.0,92.6,9.9,63.3,26.8,518,3
KOOC-2615810-2,2812,235,250.0,9438.0,92.0,6.3,67.3,26.4,519,4
KOOC-2615810-2,2813,285,300.0,9420.0,91.1,7.9,66.0,26.1,520,5
KOOC-2615810-2,2814,335,350.0,8766.0,86.8,14.4,61.9,23.7,521,6
KOOC-2615810-3,2815,35,50.0,9003.0,93.3,7.5,67.1,25.4,522,1
KOOC-2615810-3,2816,85,100.0,8169.0,91.5,16.8,59.0,24.2,523,2
KOOC-2615810-3,2817,135,150.0,9342.0,91.1,6.1,65.8,28.1,524,3
KOOC-2615810-3,2818,185,200.0,9402.0,93.2,6.3,65.3,28.4,525,4
KOOC-2615810-3,2819,235,250.0,9421.0,93.5,5.7,64.5,29.8,526,5
KOOC-2615815-1,2802,35,50.0,9049.0,89.2,5.4,67.1,27.5,527,1
KOOC-2615815-1,2803,85,100.0,9432.0,91.9,5.3,68.0,26.7,528,2
KOOC-2615815-1,2804,135,150.0,9381.0,92.3,5.3,68.7,26.0,529,3
KOOC-2615815-1,2805,185,200.0,9241.0,90.8,7.6,66.8,25.6,530,4
KOOC-2615815-1,2806,235,250.0,4866.0,77.0,50.7,36.6,12.7,531,5
KOOC-2615823-10,2862,35,50.0,8618.0,90.6,8.7,63.2,28.1,532,1
KOOC-2615823-10,2863,85,100.0,8344.0,89.1,8.4,62.5,29.1,533,2
KOOC-2615823-10,2864,135,150.0,8445.0,87.5,8.5,61.8,29.7,534,3
KOOC-2615823-10,2865,205,220.0,3254.0,68.2,64.4,26.9,8.7,535,4
KOOC-2615934-5,2829,35,50.0,8958.0,93.2,4.6,68.8,26.6,536,1
KOOC-2615934-5,2830,85,100.0,9045.0,93.2,7.1,66.7,26.2,537,2
KOOC-2615934-5,2831,135,150.0,9127.0,92.5,5.5,68.1,26.4,538,3
KOOC-2615934-5,2832,185,200.0,9213.0,92.8,6.8,67.2,26.0,539,4
KOOC-2615934-5,2833,235,250.0,9458.0,89.8,7.8,63.6,28.6,540,5
KOOC-2615934-5,2834,285,300.0,9130.0,89.5,9.9,62.2,27.9,541,6
KOOC-2715401-7,2969,35,195.0,8941.0,87.7,10.9,64.4,24.7,542,1
KOOC-2715402-5,2962,35,50.0,8637.0,91.8,8.3,68.4,23.3,543,1
KOOC-2715402-5,2963,85,100.0,9238.0,90.1,7.3,66.2,26.5,544,2
KOOC-2715402-5,2964,135,150.0,9066.0,89.9,6.8,65.6,27.6,545,3
KOOC-2715402-5,2965,185,200.0,9401.0,91.8,6.6,68.4,25.0,546,4
KOOC-2715402-5,2966,235,250.0,9264.0,89.6,9.5,63.4,27.1,547,5
KOOC-2715402-5,2967,285,300.0,8889.0,86.0,12.9,60.8,26.3,548,6
KOOC-2715403-15,2992,35,200.0,8919.0,90.3,8.9,65.3,25.8,549,1
KOOC-2715403-3,2955,35,150.0,8867.0,88.9,7.5,64.6,27.9,550,1
KOOC-2715403-3,2958,185,300.0,9060.0,87.1,10.2,62.2,27.6,551,2
KOOC-2715409-1,2952,35,50.0,8809.0,86.0,10.2,64.8,25.0,552,1
KOOC-2715409-1,2953,85,100.0,7907.0,86.9,16.0,56.3,27.7,553,2
KOOC-2715411-9,2974,35,200.0,9302.0,89.7,7.8,66.2,26.0,554,1
KOOC-2715413-11,2979,35,200.0,9246.0,90.7,5.2,69.8,25.0,555,1
KOOC-2715413-11,2983,235,350.0,9317.0,90.9,8.4,66.6,25.0,556,2
KOOC-2715534-17,2997,35,50.0,8843.0,84.5,8.8,63.2,28.0,557,1
KOOC-2715534-17,2998,85,100.0,8367.0,83.3,16.1,59.6,24.3,558,2
KOOC-2815503-5,2882,35,50.0,9118.0,91.2,10.6,65.3,24.1,559,1
KOOC-2815503-5,2883,85,100.0,9547.0,91.2,6.4,66.7,26.9,560,2
KOOC-2815503-5,2884,135,150.0,9366.0,92.0,6.0,65.9,28.1,561,3
KOOC-2815503-5,2885,185,200.0,9285.0,91.8,6.8,63.9,29.3,562,4
KOOC-2815503-5,2886,235,250.0,9376.0,89.0,6.5,65.3,28.2,563,5
KOOC-2815503-5,2887,285,300.0,8796.0,81.1,13.5,59.6,26.9,564,6
KOOC-2815510-6,2889,35,150.0,9089.0,89.2,7.7,65.4,26.9,565,1
KOOC-2815510-7,2893,35,50.0,8404.0,87.0,13.2,62.1,24.7,566,1
KOOC-2815510-7,2894,85,100.0,8626.0,85.0,10.1,60.5,29.4,567,2
KOOC-2815625-1,2866,35,150.0,9070.0,90.4,7.0,65.2,27.8,568,1
KOOC-2815625-2,2870,35,50.0,9047.0,90.4,9.8,64.7,25.5,569,1
KOOC-2815625-2,2871,85,100.0,8732.0,85.6,9.4,59.3,31.3,570,2
KOOC-2815625-2,2872,115,130.0,8030.0,83.6,14.3,56.9,28.8,571,3
KOOC-2815626-1,5200,0,30.0,8330.0,92.4,8.4,67.8,23.8,572,1
KOOC-2815626-1,5201,30,61.0,8533.0,91.8,6.4,68.1,25.5,573,2
KOOC-2815626-1,5202,61,91.0,8497.0,92.8,5.5,69.4,25.1,574,3
KOOC-2815626-1,5203,91,122.0,8744.0,94.7,5.0,69.0,26.0,575,4
KOOC-2815626-1,5204,122,152.0,8764.0,94.7,5.2,67.5,27.3,576,5
KOOC-2815626-1,5205,152,183.0,9155.0,92.3,5.7,65.5,28.8,577,6
KOOC-2815626-1,5206,183,213.0,8938.0,94.0,5.6,66.5,29.9,578,7
KOOC-2815626-1,5207,213,244.0,9091.0,93.5,6.2,65.0,28.8,579,8
KOOC-2815626-1,5208,244,274.0,9063.0,91.3,7.8,62.7,29.5,580,9
KOOC-2815626-1,5209,274,305.0,9213.0,90.3,8.1,62.0,29.9,581,10
KOOC-2815626-2,5210,0,30.0,8246.0,90.2,9.4,66.7,23.9,582,1
KOOC-2815626-2,5211,30,61.0,8040.0,91.5,5.9,71.1,23.0,583,2
KOOC-2815626-2,5212,61,91.0,8347.0,92.1,4.8,71.2,24.0,584,3
KOOC-2815626-2,5213,91,122.0,8246.0,93.7,2.7,73.8,23.5,585,4
KOOC-2815626-2,5214,122,152.0,8297.0,94.0,2.6,74.3,23.1,586,5
KOOC-2815626-2,5215,152,183.0,8313.0,93.9,3.4,72.6,24.0,587,6
KOOC-2815626-2,5216,183,213.0,8523.0,93.5,3.5,71.7,24.8,588,7
KOOC-2815626-2,5217,213,244.0,8548.0,93.5,3.9,71.4,24.7,589,8
KOOC-2815626-2,5218,244,274.0,8880.0,93.2,4.0,69.9,26.1,590,9
KOOC-2815626-2,5219,274,305.0,8989.0,93.2,4.9,68.2,26.9,591,10
KOOC-2815626-2,5220,305,335.0,8467.0,95.7,6.0,69.1,24.9,592,11
KOOC-2815626-2,5221,335,366.0,8920.0,93.4,6.2,66.2,27.6,593,12
KOOC-2815626-2,5222,366,396.0,9064.0,90.6,7.7,63.3,29.0,594,13
KOOC-2815626-2,5223,396,427.0,9028.0,90.6,8.8,63.3,27.9,595,14
KOOC-2815627-3,5236,0,30.0,8049.0,92.8,8.5,70.1,21.4,596,1
KOOC-2815627-3,5237,30,61.0,8437.0,89.9,6.5,69.3,24.2,597,2
KOOC-2815627-3,5238,61,91.0,8499.0,93.8,3.9,71.7,24.4,598,3
KOOC-2815627-3,5239,91,122.0,8506.0,94.0,3.7,73.1,23.2,599,4
KOOC-2815627-3,5240,122,152.0,8350.0,93.3,3.2,73.3,23.5,600,5
KOOC-2815627-3,5241,152,183.0,8476.0,93.2,3.3,72.6,24.1,601,6
KOOC-2815627-3,5242,183,213.0,8512.0,95.6,4.8,71.0,24.2,602,7
KOOC-2815627-3,5243,213,244.0,8890.0,93.4,5.0,69.6,25.4,603,8
KOOC-2815627-3,5244,244,274.0,8696.0,94.3,4.8,71.5,23.7,604,9
KOOC-2815627-3,5245,274,305.0,9056.0,92.3,6.6,64.9,28.5,605,10
KOOC-2815627-3,5246,305,335.0,9022.0,92.8,6.1,66.0,27.9,606,11
KOOC-2815627-3,5247,335,366.0,8949.0,90.0,8.3,60.5,31.2,607,12
KOOC-2815627-3,5248,366,396.0,9278.0,81.5,8.6,60.9,30.5,608,13
KOOC-2815627-4,5224,0,30.0,8045.0,95.5,8.2,69.2,22.6,609,1
KOOC-2815627-4,5225,30,61.0,8472.0,90.1,8.2,66.8,25.0,610,2
KOOC-2815627-4,5226,61,91.0,8512.0,94.7,5.7,69.6,24.7,611,3
KOOC-2815627-4,5227,91,122.0,8846.0,94.6,4.8,69.6,25.6,612,4
KOOC-2815627-4,5228,122,152.0,8933.0,92.8,4.6,68.9,26.5,613,5
KOOC-2815627-4,5229,152,183.0,8950.0,93.7,4.3,69.2,26.5,614,6
KOOC-2815627-4,5230,183,213.0,9284.0,92.0,4.4,68.8,26.8,615,7
KOOC-2815627-4,5231,213,244.0,9325.0,92.0,6.4,64.9,28.7,616,8
KOOC-2815627-4,5232,244,274.0,9311.0,91.3,7.3,64.1,28.6,617,9
KOOC-2815627-4,5233,274,305.0,9007.0,90.1,6.6,64.1,29.3,618,10
KOOC-2815627-4,5234,305,335.0,9257.0,90.8,6.5,64.9,28.6,619,11
KOOC-2815627-4,5235,335,366.0,9257.0,90.4,8.5,62.7,28.8,620,12
KOOC-2815627-5,5249,0,30.0,8006.0,95.9,9.5,67.3,23.2,621,1
KOOC-2815627-5,5250,30,61.0,8800.0,91.9,9.3,65.4,25.3,622,2
KOOC-2815627-5,5251,61,91.0,8938.0,93.6,8.2,65.2,26.6,623,3
KOOC-2815627-5,5252,91,122.0,9024.0,94.7,7.2,65.9,26.9,624,4
KOOC-2815627-5,5253,122,152.0,8999.0,93.3,7.3,64.3,28.4,625,5
KOOC-2815627-5,5254,152,183.0,9120.0,93.5,7.9,64.5,27.6,626,6
KOOC-2815627-5,5255,183,213.0,9088.0,93.3,7.6,64.1,28.3,627,7
KOOC-2815627-5,5256,213,244.0,9129.0,92.1,8.9,62.7,28.4,628,8
KOOC-2815627-5,5257,244,274.0,8998.0,90.8,9.9,61.2,28.9,629,9
KOOC-2815627-5,5258,274,305.0,9121.0,90.7,9.7,61.4,28.9,630,10
KOOC-2815628-3,2874,35,200.0,9121.0,88.3,9.3,57.4,33.3,631,1
KOOC-2815634-41,2878,35,150.0,9264.0,88.9,10.4,63.9,25.7,632,1
KOOC-2915516-2,5259,0,30.0,8709.0,92.9,10.8,60.8,28.4,633,1
KOOC-2915516-2,5260,30,61.0,8875.0,90.9,8.8,63.1,28.1,634,2
KOOC-2915516-2,5261,61,91.0,8893.0,91.5,8.3,63.0,28.7,635,3
KOOC-2915516-2,5262,91,122.0,8826.0,93.0,8.0,63.3,28.7,636,4
KOOC-2915516-2,5263,122,152.0,9037.0,90.8,6.8,63.2,30.0,637,5
KOOC-2915516-2,5264,152,183.0,8859.0,89.4,8.4,61.2,30.4,638,6
KOOC-2915516-2,5265,183,213.0,9069.0,89.2,7.2,62.8,30.0,639,7
KOOC-2915516-2,5266,213,244.0,9149.0,89.0,9.3,61.8,28.9,640,8
KOOC-2915516-2,5267,244,274.0,8949.0,87.6,11.6,60.0,28.4,641,9
KOOC-2915517-1,5268,30,61.0,8187.0,91.2,13.3,60.9,25.8,642,1
KOOC-2915517-1,5269,61,91.0,8380.0,90.2,11.8,61.4,26.8,643,2
KOOC-2915517-1,5270,91,122.0,8690.0,90.3,9.3,60.6,30.1,644,3
KOOC-2915517-1,5271,122,152.0,8465.0,89.6,10.2,59.2,30.6,645,4
KOOC-2915517-1,5272,152,183.0,8431.0,89.1,10.1,59.0,30.9,646,5
KOOC-2915520-4,5273,0,30.0,8493.0,93.3,12.0,61.8,26.2,647,1
KOOC-2915520-4,5274,30,61.0,8841.0,93.1,9.5,63.0,27.5,648,2
KOOC-2915520-4,5275,61,91.0,9335.0,88.3,7.8,63.6,28.6,649,3
KOOC-2915520-4,5276,91,122.0,9152.0,89.1,7.6,62.3,30.1,650,4
KOOC-2915520-4,5277,122,152.0,9260.0,91.1,7.0,62.9,30.1,651,5
KOOC-2915521-148,238,15,30.0,7948.0,,8.2,70.3,21.5,652,1
KOOC-2915521-148,239,70,85.0,7991.0,,7.8,73.2,19.0,653,2
KOOC-2915521-148,240,110,125.0,7900.0,,9.7,70.2,20.1,654,3
KOOC-2915521-148,241,143,158.0,6757.0,,19.6,63.0,17.4,655,4
KOOC-2915521-31,5284,30,61.0,8914.0,91.7,8.1,64.7,27.2,656,1
KOOC-2915521-31,5285,61,91.0,8986.0,92.0,7.6,64.3,28.1,657,2
KOOC-2915521-31,5286,91,122.0,9321.0,91.5,5.8,65.0,29.2,658,3
KOOC-2915521-31,5287,122,152.0,9150.0,92.0,6.9,64.1,29.0,659,4
KOOC-2915521-31,5288,152,183.0,9112.0,91.4,7.4,64.1,28.5,660,5
KOOC-2915521-31,5289,183,213.0,9220.0,91.2,7.0,63.9,29.1,661,6
KOOC-2915521-31,5290,213,244.0,9152.0,90.3,8.2,62.4,29.4,662,7
KOOC-2915521-31,5291,244,274.0,9163.0,89.8,9.7,61.8,28.5,663,8
KOOC-2915521-5,5278,0,30.0,8342.0,91.7,12.3,61.0,26.7,664,1
KOOC-2915521-5,5279,30,61.0,8860.0,91.2,9.5,62.0,28.5,665,2
KOOC-2915521-5,5280,61,91.0,9056.0,90.9,7.3,63.0,29.7,666,3
KOOC-2915521-5,5281,91,122.0,9022.0,88.3,8.7,61.1,30.2,667,4
KOOC-2915521-5,5282,122,152.0,8932.0,90.2,7.8,62.1,30.1,668,5
KOOC-2915521-5,5283,152,183.0,9083.0,89.9,8.4,62.0,29.6,669,6
KOOC-2915521-51,213,0,15.0,7195.0,,15.8,67.1,17.1,670,1
KOOC-2915521-51,214,35,50.0,7930.0,,10.5,69.8,19.8,671,2
KOOC-2915521-51,215,85,100.0,7992.0,,7.5,69.6,22.9,672,3
KOOC-2915521-51,216,107,122.0,7788.0,,10.7,67.8,21.5,673,4
KOOC-2915521-53,223,0,25.0,7626.0,,10.9,70.6,18.6,674,1
KOOC-2915521-53,224,25,50.0,7876.0,,8.8,70.3,21.0,675,2
KOOC-2915521-53,225,67,82.0,8030.0,,10.4,70.2,19.4,676,3
KOOC-2915521-53,226,95,110.0,7859.0,,8.8,71.0,20.2,677,4
LOTW-3015919-851,5048,0,15.0,8406.0,81.3,14.2,,,678,1
LOTW-3015919-851,5049,15,30.0,8836.0,83.2,9.3,,,679,2
LOTW-3015919-851,5050,30,50.0,9195.0,83.5,9.0,,,680,3
LOTW-3015919-852,5051,0,15.0,8906.0,85.1,9.5,,,681,1
LOTW-3015919-852,5052,15,30.0,9028.0,85.8,8.3,,,682,2
LOTW-3015919-852,5053,30,50.0,9207.0,85.1,8.7,,,683,3
LOTW-3015919-853,5054,0,30.0,8174.0,88.0,9.0,,,684,1
LOTW-3015919-853,5055,30,50.0,8964.0,86.7,7.5,,,685,2
LOTW-3015919-853,5056,60,85.0,9016.0,85.2,7.8,,,686,3
LOTW-3116024-858,4063,80,95.0,8218.0,,6.3,,,687,1
LOTW-3116024-A1200+800,4059,70,110.0,8849.0,,5.7,,,688,1
LOTW-3116024-A1600+800,4068,116,131.0,8645.0,,8.1,,,689,1
LOTW-3116024-A800+800,4052,30,45.0,8072.0,,8.2,,,690,1
LOTW-3116024-A800+800,4054,100,130.0,8271.0,,8.6,,,691,2
LOTW-3315904-462,3448,75,125.0,9336.0,87.4,12.2,61.1,26.7,692,1
LOTW-3416203-465,3439,60,90.0,7504.0,79.1,14.1,57.8,28.1,693,1
PINE-1704530-A+2100+300,4953,10,40.0,8606.0,,,,,694,1
PINE-1704530-A+2100+300,4954,55,85.0,7463.0,,,,,695,2
PINE-1704530-A+2100+300,4955,103,148.0,7521.0,,,,,696,3
PINE-1804536-13,4840,20,35.0,8078.0,,,,,697,1
PINE-1804536-13,4841,55,70.0,7823.0,,,,,698,2
PINE-1804536-13,4842,80,95.0,7924.0,,,,,699,3
PINE-1804536-13,4844,130,145.0,8097.0,,,,,700,4
PINE-1804536-19,4899,25,40.0,8118.0,,,,,701,1
PINE-1804536-19,4900,60,75.0,7709.0,,,,,702,2
PINE-1804536-19,4901,80,95.0,9159.0,,,,,703,3
PINE-1804536-19,4903,130,145.0,8535.0,,,,,704,4
PINE-1804536-A+1500+-0,4959,10,45.0,8515.0,,,,,705,1
PINE-1804536-A+1500+-0,4960,53,98.0,8858.0,,,,,706,2
PINE-1804536-A+1500+-0,4961,105,145.0,7549.0,,,,,707,3
PINE-1804536-A+300+100,4956,12,42.0,7401.0,,,,,708,1
PINE-1804536-A+300+100,4957,53,90.0,7694.0,,,,,709,2
PINE-1804536-A+300+100,4958,103,148.0,8523.0,,,,,710,3
PINE-1804536-A+900+-0,4962,10,40.0,8033.0,,,,,711,1
PINE-1804536-A+900+-0,4963,53,98.0,8187.0,,,,,712,2
PINE-1804536-A+900+-0,4964,105,140.0,8872.0,,,,,713,3
STLO-1705519-390,5066,70,115.0,8729.0,90.3,5.6,,,714,1
STLO-1705519-390,5067,160,205.0,,93.3,6.1,,,715,2
STLO-1705519-391,5068,70,115.0,8772.0,92.1,5.7,,,716,1
STLO-1705519-391,5069,130,175.0,,91.9,7.4,,,717,2
STLO-1705519-392,5070,100,145.0,9030.0,91.7,5.7,,,718,1
STLO-1705519-392,5071,160,205.0,,93.1,5.6,,,719,2
STLO-1705530-386,5095,20,50.0,,92.0,7.4,,,720,1
STLO-1705530-386,5096,104,119.0,8815.0,92.6,,,,721,2
STLO-1705530-386,5097,120,130.0,,93.0,4.0,,,722,3
STLO-1705530-386,5098,150,190.0,,93.3,,,,723,4
STLO-1705530-386,5099,200,230.0,,93.2,6.9,,,724,5
STLO-1705530-386,5100,270,300.0,8084.0,89.4,,,,725,6
STLO-1705530-387,5086,15,35.0,,90.3,7.9,,,726,1
STLO-1705530-387,5087,35,50.0,8557.0,89.8,,,,727,2
STLO-1705530-387,5088,70,90.0,,91.5,5.0,,,728,3
STLO-1705530-387,5089,95,105.0,,90.6,,,,729,4
STLO-1705530-387,5090,120,140.0,,92.0,,,,730,5
STLO-1705530-387,5091,150,170.0,,93.6,,,,731,6
STLO-1705530-387,5092,200,215.0,,91.8,6.0,,,732,7
STLO-1705530-387,5093,220,235.0,8471.0,91.3,,,,733,8
STLO-1705530-387,5094,270,285.0,,90.0,9.0,,,734,9
STLO-1705530-388,5075,25,40.0,,90.7,6.2,,,735,1
STLO-1705530-388,5076,50,65.0,8944.0,92.0,,,,736,2
STLO-1705530-388,5077,65,80.0,,91.5,4.9,,,737,3
STLO-1705530-388,5078,80,90.0,,92.8,,,,738,4
STLO-1705530-388,5079,115,125.0,,92.6,5.4,,,739,5
STLO-1705530-388,5080,126,141.0,,91.8,,,,740,6
STLO-1705530-388,5081,140,150.0,,93.3,6.4,,,741,7
STLO-1705530-388,5082,170,185.0,,91.7,,,,742,8
STLO-1705530-388,5083,185,200.0,,92.1,6.3,,,743,9
STLO-1705530-388,5084,207,222.0,,90.9,8.7,,,744,10
STLO-1705530-388,5085,222,237.0,8557.0,89.4,,,,745,11
STLO-1705530-389,5072,65,110.0,,91.0,6.2,,,746,1
STLO-1705530-389,5073,105,150.0,9030.0,93.6,6.1,,,747,2
STLO-1705530-389,5074,136,181.0,,93.7,2.9,,,748,3
STLO-1705531-383,5104,30,45.0,,91.3,6.0,,,749,1
STLO-1705531-383,5105,45,60.0,8772.0,93.3,,,,750,2
STLO-1705531-383,5106,90,105.0,,92.2,4.8,,,751,3
STLO-1705531-383,5107,115,130.0,,91.3,,,,752,4
STLO-1705531-383,5108,152,167.0,,89.3,9.0,,,753,5
STLO-1705531-383,5109,167,182.0,8342.0,91.2,,,,754,6
STLO-1705531-384,5118,10,25.0,,88.1,10.5,,,755,1
STLO-1705531-384,5119,25,40.0,8815.0,90.1,,,,756,2
STLO-1705531-384,5120,80,100.0,,92.5,6.1,,,757,3
STLO-1705531-384,5121,140,155.0,,92.0,,,,758,4
STLO-1705531-384,5122,155,170.0,,92.5,5.7,,,759,5
STLO-1705531-384,5123,180,195.0,8557.0,91.5,,,,760,6
STLO-1705531-385,5110,18,33.0,,88.8,10.8,,,761,1
STLO-1705531-385,5111,33,48.0,9116.0,90.4,,,,762,2
STLO-1705531-385,5112,76,91.0,,92.1,5.9,,,763,3
STLO-1705531-385,5113,100,115.0,,91.2,,,,764,4
STLO-1705531-385,5114,135,150.0,,91.7,7.7,,,765,5
STLO-1705531-385,5115,160,175.0,,92.6,,,,766,6
STLO-1705531-385,5116,190,205.0,,90.1,6.5,,,767,7
STLO-1705531-385,5117,205,220.0,8514.0,90.1,,,,768,8
STLO-1705531-395,5101,54,101.0,9073.0,91.9,5.3,,,769,1
STLO-1705531-395,5102,113,163.0,8342.0,91.7,6.1,,,770,2
STLO-1705531-395,5103,206,255.0,9073.0,89.9,7.6,,,771,3
STLO-1805218-88,662,35,50.0,8165.0,,6.8,75.9,17.3,772,1
STLO-1805218-88,663,84,99.0,8752.0,,3.6,77.6,18.7,773,2
STLO-1805218-88,664,135,150.0,8780.0,,4.2,78.5,17.3,774,3
STLO-1805218-88,665,184,199.0,8778.0,,7.6,73.6,18.8,775,4
STLO-1805218-88,666,235,250.0,8803.0,,4.8,72.8,22.4,776,5
STLO-1805218-88,667,284,299.0,7833.0,,15.6,64.4,20.0,777,6
STLO-1805218-88,668,315,330.0,6814.0,,26.7,56.6,16.6,778,7
STLO-1805320-163,1239,35,50.0,7860.0,,9.1,71.2,19.7,779,1
STLO-1805320-163,1240,85,100.0,7877.0,,9.1,72.3,18.6,780,2
STLO-1805320-163,1242,185,200.0,7790.0,,12.0,70.3,17.7,781,3
STLO-1805320-163,1243,235,250.0,8188.0,,8.9,71.1,20.0,782,4
STLO-1805331-617,3953,0,50.0,8652.0,86.1,9.6,62.2,28.2,783,1
STLO-1805331-617,3954,85,135.0,8633.0,85.4,9.6,61.4,29.0,784,2
STLO-1805516-523,3913,30,47.0,9141.0,88.7,6.3,68.5,25.2,785,1
STLO-1805516-523,3914,64,87.0,8838.0,87.8,10.8,64.2,25.0,786,2
STLO-1805516-523,3915,127,150.0,9151.0,88.6,8.5,65.2,26.3,787,3
STLO-1805536-393,5124,55,100.0,8858.0,91.2,7.6,,,788,1
STLO-1805536-393,5125,115,160.0,,92.0,3.3,,,789,2
STLO-1805536-393,5126,205,250.0,,87.8,8.4,,,790,3
STLO-1805536-394,5127,60,105.0,8428.0,89.8,6.8,,,791,1
STLO-1805536-394,5128,115,164.0,,92.3,6.2,,,792,2
STLO-1805536-394,5129,205,255.0,8643.0,89.4,9.8,,,793,3
STLO-1805536-A800+-0,3924,80,150.0,9254.0,90.6,7.2,65.7,27.1,794,1
STLO-1805536-A800+-0,3926,200,230.0,8761.0,88.1,31.4,59.8,8.8,795,2
STLO-1805536-A800+-0,3927,0,40.0,8762.0,79.3,9.4,64.7,25.9,796,3
STLO-1806226-94,3583,30,60.0,8767.0,90.2,7.9,66.2,25.9,797,1
STLO-1806226-94,3584,60,120.0,8764.0,87.8,9.7,61.7,28.6,798,2
STLO-1806226-94,3585,120,180.0,9054.0,88.2,8.2,61.6,30.2,799,3
STLO-1806229-97,3559,60,75.0,8555.0,89.8,17.9,57.0,25.1,800,1
STLO-1806229-97,3560,170,185.0,9006.0,85.9,8.2,63.2,28.6,801,2
STLO-1806229-97,3561,250,265.0,8107.0,79.9,7.4,63.9,28.7,802,3
STLO-1905102-31,496,35,50.0,7685.0,,3.0,80.9,16.1,803,1
STLO-1905102-31,498,135,150.0,7899.0,,2.3,81.6,16.1,804,2
STLO-1905102-31,500,235,250.0,8433.0,,4.4,79.1,16.6,805,3
STLO-1905102-31,502,335,350.0,8325.0,,6.8,71.6,21.6,806,4
STLO-1905102-31,844,435,450.0,7578.0,,17.9,65.4,16.7,807,5
STLO-1905102-31,846,510,525.0,8363.0,,7.3,73.3,19.5,808,6
STLO-1905110-32,5141,61,91.0,8100.0,93.1,2.0,75.9,22.1,809,1
STLO-1905110-32,5142,91,122.0,8634.0,92.5,3.9,72.5,23.6,810,2
STLO-1905110-32,5143,122,152.0,8681.0,93.1,2.6,73.1,24.3,811,3
STLO-1905110-32,5144,152,183.0,8751.0,92.6,3.1,72.6,24.3,812,4
STLO-1905110-32,5145,183,213.0,9173.0,91.4,5.1,69.0,25.9,813,5
STLO-1905110-32,5146,213,244.0,9320.0,91.0,3.8,69.9,26.3,814,6
STLO-1905110-32,5147,244,274.0,9432.0,91.4,4.6,68.9,26.5,815,7
STLO-1905110-32,5148,274,305.0,9446.0,90.1,7.6,65.0,27.4,816,8
STLO-1905110-32,5149,305,335.0,9303.0,89.8,6.4,64.2,29.4,817,9
STLO-1905110-32,5150,335,366.0,9269.0,89.6,7.4,63.3,29.3,818,10
STLO-1905110-32,5151,366,396.0,9161.0,89.0,9.8,60.1,30.1,819,11
STLO-1905110-38,5130,61,91.0,8337.0,90.5,8.0,69.6,22.4,820,1
STLO-1905110-38,5131,91,122.0,7889.0,94.3,2.1,77.2,20.7,821,2
STLO-1905110-38,5132,122,152.0,8098.0,93.4,1.9,75.0,23.1,822,3
STLO-1905110-38,5133,152,183.0,8654.0,93.0,2.3,74.5,23.2,823,4
STLO-1905110-38,5134,183,213.0,8822.0,91.7,4.0,70.8,25.2,824,5
STLO-1905110-38,5135,213,244.0,9118.0,93.8,3.6,72.5,23.9,825,6
STLO-1905110-38,5136,244,274.0,8514.0,94.9,2.7,76.8,20.5,826,7
STLO-1905110-38,5137,274,305.0,9370.0,92.2,4.6,70.6,24.8,827,8
STLO-1905110-38,5138,305,335.0,9454.0,92.4,5.0,68.6,26.4,828,9
STLO-1905110-38,5139,335,366.0,9136.0,90.1,9.0,63.1,27.9,829,10
STLO-1905110-38,5140,366,396.0,9432.0,90.1,7.2,64.7,28.1,830,11
STLO-1905111-37,5152,61,91.0,8821.0,89.9,5.1,69.0,25.9,831,1
STLO-1905111-37,5153,91,122.0,8706.0,93.7,2.8,72.8,24.4,832,2
STLO-1905111-37,5154,122,152.0,8570.0,93.6,2.0,74.7,23.3,833,3
STLO-1905111-37,5155,152,183.0,8731.0,93.3,2.0,74.2,23.8,834,4
STLO-1905111-37,5156,183,213.0,8811.0,91.9,2.1,73.8,24.1,835,5
STLO-1905111-37,5157,213,244.0,8710.0,94.3,2.2,74.8,23.0,836,6
STLO-1905111-37,5158,244,274.0,9088.0,93.8,3.4,72.4,24.2,837,7
STLO-1905111-37,5159,274,305.0,9461.0,93.2,3.7,71.1,25.2,838,8
STLO-1905111-37,5160,305,335.0,9559.0,91.0,5.2,67.7,27.1,839,9
STLO-1905111-37,5161,335,366.0,9543.0,90.4,5.9,67.1,27.0,840,10
STLO-1905415-221,888,35,50.0,7582.0,,3.9,79.9,16.2,841,1
STLO-1905415-221,889,84,99.0,7317.0,,9.9,76.1,14.0,842,2
STLO-1905415-221,890,135,150.0,8827.0,,4.4,77.4,18.2,843,3
STLO-1905415-221,891,167,182.0,8384.0,,15.6,68.1,16.2,844,4
STLO-1905424-474,3920,50,80.0,9392.0,89.0,6.5,69.9,23.6,845,1
STLO-1905424-474,3921,175,210.0,8245.0,86.6,14.2,57.4,28.4,846,2
STLO-1905424-474,3922,220,285.0,8193.0,85.0,16.8,57.6,25.6,847,3
STLO-1905425-473,3818,107,125.0,8682.0,86.0,12.1,63.0,24.9,848,1
STLO-1905425-473,3916,20,50.0,9336.0,86.2,9.0,69.6,21.4,849,2
STLO-1905425-473,3917,80,107.0,8894.0,85.5,12.2,63.2,24.6,850,3
STLO-2005212-616,3951,13,50.0,9007.0,82.4,8.7,61.9,29.4,851,1
STLO-2005212-616,3952,75,125.0,8561.0,83.3,12.3,58.0,29.7,852,2
STLO-2005303-524,3907,38,73.0,9424.0,90.4,8.1,70.6,21.3,853,1
STLO-2005303-524,3908,143,172.0,9284.0,89.9,13.9,65.3,20.8,854,2
STLO-2005303-524,3909,235,280.0,8662.0,89.6,12.6,61.9,25.5,855,3
STLO-2005308-613,3944,10,60.0,8609.0,86.3,11.2,59.2,29.6,856,1
STLO-2005308-613,3945,75,125.0,8424.0,82.2,12.4,56.6,31.0,857,2
STLO-2005315-525,3910,15,65.0,8687.0,90.1,6.5,70.2,23.3,858,1
STLO-2005315-525,3911,110,159.0,9321.0,87.7,8.3,69.1,22.6,859,2
STLO-2005315-525,3912,175,225.0,8854.0,87.1,10.2,64.4,25.4,860,3
STLO-2005316-614,3946,0,50.0,8974.0,90.1,10.2,63.3,26.5,861,1
STLO-2005316-614,3947,75,125.0,9042.0,86.5,11.0,58.8,30.2,862,2
STLO-2005336-618,3955,0,50.0,8990.0,88.2,7.3,66.5,26.2,863,1
STLO-2005336-618,3956,60,110.0,9164.0,88.2,6.8,64.8,28.4,864,2
STLO-2005423-235,435,35,50.0,7694.0,,6.7,77.3,16.0,865,1
STLO-2005423-235,436,84,99.0,7899.0,,6.2,76.4,17.4,866,2
STLO-2005423-235,437,135,150.0,8244.0,,4.4,75.8,19.9,867,3
STLO-2005423-235,438,184,199.0,8660.0,,6.1,74.0,19.9,868,4
STLO-2005423-235,439,235,250.0,8858.0,,6.9,73.0,20.2,869,5
STLO-2005423-235,440,284,299.0,7686.0,,15.7,64.7,19.7,870,6
STLO-2005423-235,441,335,350.0,8215.0,,11.4,67.3,21.1,871,7
STLO-2005423-235,442,355,360.0,6235.0,,31.7,54.2,14.1,872,8
STLO-2005435-249,371,84,99.0,8606.0,,7.4,74.5,18.1,873,1
STLO-2005435-249,372,135,150.0,8725.0,,6.3,73.9,19.7,874,2
STLO-2005435-249,373,184,199.0,8357.0,,7.7,73.7,18.6,875,3
STLO-2005435-249,374,235,250.0,8317.0,,8.9,72.0,19.1,876,4
STLO-2005435-249,375,284,299.0,8238.0,,8.9,71.2,19.9,877,5
STLO-2005435-249,376,335,350.0,8334.0,,9.4,69.9,20.7,878,6
STLO-2005435-249,377,384,399.0,8406.0,,10.3,67.7,22.0,879,7
STLO-2005435-249,378,415,430.0,7356.0,,20.6,61.8,17.6,880,8
STLO-2005517-T23,4440,60,75.0,8036.0,,,,,881,1
STLO-2005517-T23,4442,130,145.0,8418.0,,,,,882,2
STLO-2005517-T23,4444,180,195.0,8176.0,,,,,883,3
STLO-2005519-T27,4423,32,47.0,8399.0,,,,,884,1
STLO-2005519-T27,4425,80,95.0,8027.0,,,,,885,2
STLO-2005519-T27,4426,125,140.0,8485.0,,,,,886,3
STLO-2005529-T38,4660,32,47.0,8077.0,,,,,887,1
STLO-2005529-T38,4663,175,190.0,8481.0,,,,,888,2
STLO-2005616-A+800-1600,4685,15,30.0,9080.0,,,,,889,1
STLO-2005616-A+800-1600,4687,135,150.0,9146.0,,,,,890,2
STLO-2005616-A+800-1600,4689,150,165.0,9180.0,,,,,891,3
STLO-2005616-A+800-1600,4690,165,180.0,8720.0,,,,,892,4
STLO-2005616-A+800-1600,4693,30,45.0,9394.0,,,,,893,5
STLO-2005616-A+800-1600,4694,45,60.0,9884.0,,,,,894,6
STLO-2005616-A+800-1600,4695,60,75.0,8066.0,,,,,895,7
STLO-2005616-A+800-1600,4696,75,90.0,9360.0,,,,,896,8
STLO-2005616-A+800-1600,4697,90,105.0,9341.0,,,,,897,9
STLO-2005616-A+800-1600,4698,105,120.0,9313.0,,,,,898,10
STLO-2005616-A+800-1600,4699,120,135.0,8468.0,,,,,899,11
STLO-2005616-A+800-1600,4700,180,195.0,8407.0,,,,,900,12
STLO-2005617-A-700-800,4677,45,60.0,7595.0,,,,,901,1
STLO-2005617-A-700-800,4678,60,75.0,8067.0,,,,,902,2
STLO-2005617-A-700-800,4679,75,90.0,7405.0,,,,,903,3
STLO-2005617-A-700-800,4680,120,135.0,8084.0,,,,,904,4
STLO-2005617-A-700-800,4681,135,150.0,8060.0,,,,,905,5
STLO-2005617-A-700-800,4682,150,165.0,7767.0,,,,,906,6
STLO-2005617-A-700-800,4683,165,180.0,8199.0,,,,,907,7
STLO-2005617-A-700-800,4684,180,195.0,8322.0,,,,,908,8
STLO-2005617-A-700-800,4701,90,105.0,8298.0,,,,,909,9
STLO-2005617-A-700-800,4704,105,120.0,8179.0,,,,,910,10
STLO-2005617-A-700-800,4706,15,30.0,8347.0,,,,,911,11
STLO-2005617-A-700-800,4707,30,45.0,8064.0,,,,,912,12
STLO-2005617-R21,4311,30,45.0,8331.0,,,,,913,1
STLO-2005617-R21,4313,70,85.0,8061.0,,,,,914,2
STLO-2005617-R21,4314,125,140.0,7777.0,,,,,915,3
STLO-2005617-R9,4363,75,90.0,8022.0,,,,,916,1
STLO-2005617-R9,4365,125,140.0,7833.0,,,,,917,2
STLO-2005617-R9,4367,175,190.0,8053.0,,,,,918,3
STLO-2006235-198,3005,85,100.0,8460.0,92.5,8.2,66.3,25.5,919,1
STLO-2006235-198,3007,185,200.0,8917.0,92.2,6.6,67.8,25.6,920,2
STLO-2006235-198,3010,335,350.0,7712.0,85.5,20.6,55.0,24.4,921,3
STLO-2105209-615,3948,15,60.0,9019.0,89.5,6.8,66.4,26.8,922,1
STLO-2105209-615,3949,90,140.0,9099.0,90.4,7.0,64.3,28.7,923,2
STLO-2105227-133,1099,50,65.0,7676.0,,15.3,69.1,15.6,924,1
STLO-2105227-133,1100,84,99.0,8414.0,,6.4,75.7,17.9,925,2
STLO-2105227-133,1101,135,150.0,8478.0,,5.5,76.4,18.1,926,3
STLO-2105227-133,1102,184,199.0,8586.0,,6.4,74.4,19.2,927,4
STLO-2105227-133,1103,235,250.0,8150.0,,8.6,71.5,19.9,928,5
STLO-2105227-133,1104,284,299.0,8342.0,,5.8,73.6,20.7,929,6
STLO-2105227-133,1105,335,350.0,8484.0,,4.7,75.9,19.4,930,7
STLO-2105227-133,1106,384,399.0,8333.0,,10.9,69.1,20.1,931,8
STLO-2105227-133,1107,435,450.0,6341.0,,31.7,60.5,7.8,932,9
STLO-2105227-133,1108,484,499.0,5734.0,,39.1,55.1,5.8,933,10
STLO-2106226-126,3569,125,,9034.0,89.0,7.3,64.0,28.7,934,1
STLO-2106226-126,3570,150,,9140.0,87.9,7.3,63.9,28.8,935,2
